Workbook

Sheet DATA HAFALAN
A1: PETA DATA HAFALAN 1 MUHARRAM 1448 H
A5: NO | B5: NAMA | C5: JUMLAH | D5: 1 | E5: 2 | F5: 3 | G5: 4 | H5: 5 | I5: 6 | J5: 7 | K5: 8 | L5: 9 | M5: 10 | N5: 11 | O5: 12 | P5: 13 | Q5: 14 | R5: 15 | S5: 16 | T5: 17 | U5: 18 | V5: 19 | W5: 20 | X5: 21 | Y5: 22 | Z5: 23 | AA5: 24 | AB5: 25 | AC5: 26 | AD5: 27 | AE5: 28 | AF5: 29 | AG5: 30
A6: 1 | B6: AYI KOSIM HATIMI | C6: =COUNTIF(D6:AG6,"TRUE") -> 30 | D6: =TRUE() -> TRUE | E6: =TRUE() -> TRUE | F6: =TRUE() -> TRUE | G6: =TRUE() -> TRUE | H6: =TRUE() -> TRUE | I6: =TRUE() -> TRUE | J6: =TRUE() -> TRUE | K6: =TRUE() -> TRUE | ... AG6: =TRUE() -> TRUE
A7: 2 | B7: ABRURRAHMAN AFANDI | C7: =COUNTIF(D7:AG7,"TRUE") -> 30 | D7: =TRUE() -> TRUE | E7: =TRUE() -> TRUE | F7: =TRUE() -> TRUE | G7: =TRUE() -> TRUE | H7: =TRUE() -> TRUE | I7: =TRUE() -> TRUE | J7: =TRUE() -> TRUE | K7: =TRUE() -> TRUE | ... AG7: =TRUE() -> TRUE
A8: 3 | B8: CECEP ABDULATIF | C8: =COUNTIF(D8:AG8,"TRUE") -> 30 | D8: =TRUE() -> TRUE | E8: =TRUE() -> TRUE | F8: =TRUE() -> TRUE | G8: =TRUE() -> TRUE | H8: =TRUE() -> TRUE | I8: =TRUE() -> TRUE | J8: =TRUE() -> TRUE | K8: =TRUE() -> TRUE | ... AG8: =TRUE() -> TRUE
A9: 4 | B9: DONI SUPRIATNA | C9: =COUNTIF(D9:AG9,"TRUE") -> 30 | D9: =TRUE() -> TRUE | E9: =TRUE() -> TRUE | F9: =TRUE() -> TRUE | G9: =TRUE() -> TRUE | H9: =TRUE() -> TRUE | I9: =TRUE() -> TRUE | J9: =TRUE() -> TRUE | K9: =TRUE() -> TRUE | ... AG9: =TRUE() -> TRUE
A10: 5 | B10: ZAKY AZHARI | C10: =COUNTIF(D10:AG10,"TRUE") -> 30 | D10: =TRUE() -> TRUE | E10: =TRUE() -> TRUE | F10: =TRUE() -> TRUE | G10: =TRUE() -> TRUE | H10: =TRUE() -> TRUE | I10: =TRUE() -> TRUE | J10: =TRUE() -> TRUE | K10: =TRUE() -> TRUE | ... AG10: =TRUE() -> TRUE
A11: 6 | B11: MUHAMMAD FAUZIL ADZIM | C11: =COUNTIF(D11:AG11,"TRUE") -> 30 | D11: =TRUE() -> TRUE | E11: =TRUE() -> TRUE | F11: =TRUE() -> TRUE | G11: =TRUE() -> TRUE | H11: =TRUE() -> TRUE | I11: =TRUE() -> TRUE | J11: =TRUE() -> TRUE | K11: =TRUE() -> TRUE | ... AG11: =TRUE() -> TRUE
A12: 7 | B12: MUHAMMAD DZIKRI HUSAENI | C12: =COUNTIF(D12:AG12,"TRUE") -> 18 | D12: =TRUE() -> TRUE | E12: =TRUE() -> TRUE | F12: =TRUE() -> TRUE | G12: =TRUE() -> TRUE | H12: =TRUE() -> TRUE | I12: =TRUE() -> TRUE | J12: =TRUE() -> TRUE | K12: =TRUE() -> TRUE | ... P12: =TRUE() -> TRUE | Q12: =FALSE() -> FALSE | R12: =FALSE() -> FALSE | S12: =FALSE() -> FALSE | T12: =FALSE() -> FALSE | U12: =FALSE() -> FALSE | V12: =FALSE() -> FALSE | W12: =FALSE() -> FALSE | X12: =FALSE() -> FALSE | ... AB12: =FALSE() -> FALSE | AC12: =TRUE() -> TRUE | AD12: =TRUE() -> TRUE | AE12: =TRUE() -> TRUE | AF12: =TRUE() -> TRUE | AG12: =TRUE() -> TRUE
A13: 8 | B13: ABDUL KHOLIQ | C13: =COUNTIF(D13:AG13,"TRUE") -> 14 | D13: =TRUE() -> TRUE | E13: =TRUE() -> TRUE | F13: =TRUE() -> TRUE | G13: =TRUE() -> TRUE | H13: =TRUE() -> TRUE | I13: =TRUE() -> TRUE | J13: =TRUE() -> TRUE | K13: =TRUE() -> TRUE | L13: =TRUE() -> TRUE | M13: =FALSE() -> FALSE | N13: =FALSE() -> FALSE | O13: =FALSE() -> FALSE | P13: =FALSE() -> FALSE | Q13: =FALSE() -> FALSE | R13: =FALSE() -> FALSE | S13: =FALSE() -> FALSE | T13: =FALSE() -> FALSE | ... AB13: =FALSE() -> FALSE | AC13: =TRUE() -> TRUE | AD13: =TRUE() -> TRUE | AE13: =TRUE() -> TRUE | AF13: =TRUE() -> TRUE | AG13: =TRUE() -> TRUE
A14: 9 | B14: IYAN FARID | C14: =COUNTIF(D14:AG14,"TRUE") -> 13 | D14: =TRUE() -> TRUE | E14: =TRUE() -> TRUE | F14: =TRUE() -> TRUE | G14: =TRUE() -> TRUE | H14: =TRUE() -> TRUE | I14: =TRUE() -> TRUE | J14: =TRUE() -> TRUE | K14: =TRUE() -> TRUE | ... O14: =TRUE() -> TRUE | P14: =FALSE() -> FALSE | Q14: =FALSE() -> FALSE | R14: =FALSE() -> FALSE | S14: =FALSE() -> FALSE | T14: =FALSE() -> FALSE | U14: =FALSE() -> FALSE | V14: =FALSE() -> FALSE | W14: =FALSE() -> FALSE | ... AF14: =FALSE() -> FALSE | AG14: =TRUE() -> TRUE
A15: 10 | B15: ZAENI NURIL HIKAM | C15: =COUNTIF(D15:AG15,"TRUE") -> 12 | D15: =TRUE() -> TRUE | E15: =TRUE() -> TRUE | F15: =TRUE() -> TRUE | G15: =TRUE() -> TRUE | H15: =TRUE() -> TRUE | I15: =TRUE() -> TRUE | J15: =TRUE() -> TRUE | K15: =TRUE() -> TRUE | ... M15: =TRUE() -> TRUE | N15: =FALSE() -> FALSE | O15: =FALSE() -> FALSE | P15: =FALSE() -> FALSE | Q15: =FALSE() -> FALSE | R15: =FALSE() -> FALSE | S15: =FALSE() -> FALSE | T15: =FALSE() -> FALSE | U15: =FALSE() -> FALSE | ... AE15: =FALSE() -> FALSE | AF15: =TRUE() -> TRUE | AG15: =TRUE() -> TRUE
A16: 11 | B16: LUCKY KURNIAWAN | C16: =COUNTIF(D16:AG16,"TRUE") -> 12 | D16: =TRUE() -> TRUE | E16: =TRUE() -> TRUE | F16: =TRUE() -> TRUE | G16: =TRUE() -> TRUE | H16: =TRUE() -> TRUE | I16: =TRUE() -> TRUE | J16: =TRUE() -> TRUE | K16: =TRUE() -> TRUE | ... M16: =TRUE() -> TRUE | N16: =FALSE() -> FALSE | O16: =FALSE() -> FALSE | P16: =FALSE() -> FALSE | Q16: =FALSE() -> FALSE | R16: =FALSE() -> FALSE | S16: =FALSE() -> FALSE | T16: =FALSE() -> FALSE | U16: =FALSE() -> FALSE | ... AE16: =FALSE() -> FALSE | AF16: =TRUE() -> TRUE | AG16: =TRUE() -> TRUE
A17: 12 | B17: MUHAMMAD RAFIK MUHARAM | C17: =COUNTIF(D17:AG17,"TRUE") -> 12 | D17: =TRUE() -> TRUE | E17: =TRUE() -> TRUE | F17: =TRUE() -> TRUE | G17: =TRUE() -> TRUE | H17: =TRUE() -> TRUE | I17: =TRUE() -> TRUE | J17: =TRUE() -> TRUE | K17: =FALSE() -> FALSE | L17: =FALSE() -> FALSE | M17: =FALSE() -> FALSE | N17: =FALSE() -> FALSE | O17: =FALSE() -> FALSE | P17: =FALSE() -> FALSE | Q17: =FALSE() -> FALSE | R17: =FALSE() -> FALSE | ... AB17: =FALSE() -> FALSE | AC17: =TRUE() -> TRUE | AD17: =TRUE() -> TRUE | AE17: =TRUE() -> TRUE | AF17: =TRUE() -> TRUE | AG17: =TRUE() -> TRUE
A18: 13 | B18: UMAR ABDUL MALIK | C18: =COUNTIF(D18:AG18,"TRUE") -> 11 | D18: =TRUE() -> TRUE | E18: =TRUE() -> TRUE | F18: =TRUE() -> TRUE | G18: =TRUE() -> TRUE | H18: =TRUE() -> TRUE | I18: =TRUE() -> TRUE | J18: =FALSE() -> FALSE | K18: =FALSE() -> FALSE | L18: =FALSE() -> FALSE | M18: =FALSE() -> FALSE | N18: =FALSE() -> FALSE | O18: =FALSE() -> FALSE | P18: =FALSE() -> FALSE | Q18: =FALSE() -> FALSE | ... AB18: =FALSE() -> FALSE | AC18: =TRUE() -> TRUE | AD18: =TRUE() -> TRUE | AE18: =TRUE() -> TRUE | AF18: =TRUE() -> TRUE | AG18: =TRUE() -> TRUE
A19: 14 | B19: AHMAD HAFIDZ ALHAWARI | C19: =COUNTIF(D19:AG19,"TRUE") -> 10 | D19: =TRUE() -> TRUE | E19: =TRUE() -> TRUE | F19: =TRUE() -> TRUE | G19: =TRUE() -> TRUE | H19: =TRUE() -> TRUE | I19: =TRUE() -> TRUE | J19: =TRUE() -> TRUE | K19: =TRUE() -> TRUE | L19: =TRUE() -> TRUE | M19: =FALSE() -> FALSE | N19: =FALSE() -> FALSE | O19: =FALSE() -> FALSE | P19: =FALSE() -> FALSE | Q19: =FALSE() -> FALSE | R19: =FALSE() -> FALSE | S19: =FALSE() -> FALSE | T19: =FALSE() -> FALSE | ... AF19: =FALSE() -> FALSE | AG19: =TRUE() -> TRUE
A20: 15 | B20: MUHAMMAD FAUZAN | C20: =COUNTIF(D20:AG20,"TRUE") -> 10 | D20: =TRUE() -> TRUE | E20: =TRUE() -> TRUE | F20: =TRUE() -> TRUE | G20: =TRUE() -> TRUE | H20: =TRUE() -> TRUE | I20: =TRUE() -> TRUE | J20: =TRUE() -> TRUE | K20: =TRUE() -> TRUE | L20: =FALSE() -> FALSE | M20: =FALSE() -> FALSE | N20: =FALSE() -> FALSE | O20: =FALSE() -> FALSE | P20: =FALSE() -> FALSE | Q20: =FALSE() -> FALSE | R20: =FALSE() -> FALSE | S20: =FALSE() -> FALSE | ... AE20: =FALSE() -> FALSE | AF20: =TRUE() -> TRUE | AG20: =TRUE() -> TRUE
A21: 16 | B21: AKBAR RAMADAN | C21: =COUNTIF(D21:AG21,"TRUE") -> 9 | D21: =TRUE() -> TRUE | E21: =TRUE() -> TRUE | F21: =TRUE() -> TRUE | G21: =TRUE() -> TRUE | H21: =TRUE() -> TRUE | I21: =TRUE() -> TRUE | J21: =TRUE() -> TRUE | K21: =FALSE() -> FALSE | L21: =FALSE() -> FALSE | M21: =FALSE() -> FALSE | N21: =FALSE() -> FALSE | O21: =FALSE() -> FALSE | P21: =FALSE() -> FALSE | Q21: =FALSE() -> FALSE | R21: =FALSE() -> FALSE | ... AE21: =FALSE() -> FALSE | AF21: =TRUE() -> TRUE | AG21: =TRUE() -> TRUE
A22: 17 | B22: ABIDZAR ALGHIFARI | C22: =COUNTIF(D22:AG22,"TRUE") -> 8 | D22: =TRUE() -> TRUE | E22: =TRUE() -> TRUE | F22: =TRUE() -> TRUE | G22: =TRUE() -> TRUE | H22: =TRUE() -> TRUE | I22: =TRUE() -> TRUE | J22: =FALSE() -> FALSE | K22: =FALSE() -> FALSE | L22: =FALSE() -> FALSE | M22: =FALSE() -> FALSE | N22: =FALSE() -> FALSE | O22: =FALSE() -> FALSE | P22: =FALSE() -> FALSE | Q22: =FALSE() -> FALSE | ... AE22: =FALSE() -> FALSE | AF22: =TRUE() -> TRUE | AG22: =TRUE() -> TRUE
A23: 18 | B23: KAFY MUHAMMAD AZIZY | C23: =COUNTIF(D23:AG23,"TRUE") -> 7 | D23: =TRUE() -> TRUE | E23: =TRUE() -> TRUE | F23: =TRUE() -> TRUE | G23: =TRUE() -> TRUE | H23: =TRUE() -> TRUE | I23: =FALSE() -> FALSE | J23: =FALSE() -> FALSE | K23: =FALSE() -> FALSE | L23: =FALSE() -> FALSE | M23: =FALSE() -> FALSE | N23: =FALSE() -> FALSE | O23: =FALSE() -> FALSE | P23: =FALSE() -> FALSE | ... AE23: =FALSE() -> FALSE | AF23: =TRUE() -> TRUE | AG23: =TRUE() -> TRUE
A24: 19 | B24: MUHAMMAD MUNAWWAR KHOLIL | C24: =COUNTIF(D24:AG24,"TRUE") -> 4 | D24: =FALSE() -> FALSE | E24: =FALSE() -> FALSE | F24: =FALSE() -> FALSE | G24: =FALSE() -> FALSE | H24: =FALSE() -> FALSE | I24: =FALSE() -> FALSE | J24: =FALSE() -> FALSE | K24: =FALSE() -> FALSE | ... AC24: =FALSE() -> FALSE | AD24: =TRUE() -> TRUE | AE24: =TRUE() -> TRUE | AF24: =TRUE() -> TRUE | AG24: =TRUE() -> TRUE
A25: 20 | B25: ALWI | C25: =COUNTIF(D25:AG25,"TRUE") -> 3 | D25: =TRUE() -> TRUE | E25: =FALSE() -> FALSE | F25: =FALSE() -> FALSE | G25: =FALSE() -> FALSE | H25: =FALSE() -> FALSE | I25: =FALSE() -> FALSE | J25: =FALSE() -> FALSE | K25: =FALSE() -> FALSE | L25: =FALSE() -> FALSE | ... AE25: =FALSE() -> FALSE | AF25: =TRUE() -> TRUE | AG25: =TRUE() -> TRUE
A26: 21 | B26: PIRMAN | C26: =COUNTIF(D26:AG26,"TRUE") -> 1 | D26: =FALSE() -> FALSE | E26: =FALSE() -> FALSE | F26: =FALSE() -> FALSE | G26: =FALSE() -> FALSE | H26: =FALSE() -> FALSE | I26: =FALSE() -> FALSE | J26: =FALSE() -> FALSE | K26: =FALSE() -> FALSE | ... AF26: =FALSE() -> FALSE | AG26: =TRUE() -> TRUE
A27: 22 | B27: MUHAMMAD DENMAR NABAWI | C27: =COUNTIF(D27:AG27,"TRUE") -> 1 | D27: =FALSE() -> FALSE | E27: =FALSE() -> FALSE | F27: =FALSE() -> FALSE | G27: =FALSE() -> FALSE | H27: =FALSE() -> FALSE | I27: =FALSE() -> FALSE | J27: =FALSE() -> FALSE | K27: =FALSE() -> FALSE | ... AF27: =FALSE() -> FALSE | AG27: =TRUE() -> TRUE

Sheet target
A1: TARGET PENCAPAIAN SEBELUM DIKLAT ROBI'UL AWWAL
A5: NO | B5: NAMA | C5: TARGET | D5: PENCAPAIAN | E5: EVALUASI PENCAPAIAN
A6: 1 | B6: ='DATA HAFALAN'!B6 -> AYI KOSIM HATIMI | C6: sima'an 15 Juz ( juz 1 - 15 ) | E6: =IF(D6>=15,"TERCAPAI","BELUM TERCAPAI") -> BELUM TERCAPAI
A7: 2 | B7: ='DATA HAFALAN'!B7 -> ABRURRAHMAN AFANDI | C7: sima'an 10 Juz ( juz 1 - 5, juz 26 - 30 ) | E7: =IF(D7>=10,"TERCAPAI","BELUM TERCAPAI") -> BELUM TERCAPAI
A8: 3 | B8: ='DATA HAFALAN'!B8 -> CECEP ABDULATIF | C8: sima'an 10 Juz ( juz 1- 10 ) | E8: =IF(D8>=10,"TERCAPAI","BELUM TERCAPAI") -> BELUM TERCAPAI
A9: 4 | B9: ='DATA HAFALAN'!B9 -> DONI SUPRIATNA | E9: =IF(D9>=15,"TERCAPAI","BELUM TERCAPAI") -> BELUM TERCAPAI
A10: 5 | B10: =#REF! -> #REF! | C10: sima'an 15 Juz ( juz 1 - 15 ) | E10: =IF(D10>=15,"TERCAPAI","BELUM TERCAPAI") -> BELUM TERCAPAI
A11: 6 | B11: ='DATA HAFALAN'!B10 -> ZAKY AZHARI | C11: sima'an 13 Juz ( juz 1 - 8, juz 26 - 30 ) | E11: =IF(D11>=13,"TERCAPAI","BELUM TERCAPAI") -> BELUM TERCAPAI
A12: 7 | B12: ='DATA HAFALAN'!B11 -> MUHAMMAD FAUZIL ADZIM | C12: sima'an 25 Juz ( juz 1 - 25 ) | E12: =IF(D12>=25,"TERCAPAI","BELUM TERCAPAI") -> BELUM TERCAPAI
A13: 8 | B13: ='DATA HAFALAN'!B12 -> MUHAMMAD DZIKRI HUSAENI | C13: ziyadah 18 Juz | D13: ='DATA HAFALAN'!C12 -> 18 | E13: =IF(D13>=18,"TERCAPAI","BELUM TERCAPAI") -> TERCAPAI
A14: 9 | B14: =#REF! -> #REF! | C14: ziyadah 15 Juz | D14: =#REF! -> #REF! | E14: =IF(D14>=15,"TERCAPAI","BELUM TERCAPAI") -> #REF!
A15: 10 | B15: ='DATA HAFALAN'!B13 -> ABDUL KHOLIQ | C15: sima'an 10 Juz | E15: =IF(D15>=10,"TERCAPAI","BELUM TERCAPAI") -> BELUM TERCAPAI
A16: 11 | B16: ='DATA HAFALAN'!B14 -> IYAN FARID | C16: ziyadah 12 Juz | D16: ='DATA HAFALAN'!C14 -> 13 | E16: =IF(D16>=12,"TERCAPAI","BELUM TERCAPAI") -> TERCAPAI
A17: 12 | B17: ='DATA HAFALAN'!B15 -> ZAENI NURIL HIKAM | C17: ziyadah 12 Juz | D17: ='DATA HAFALAN'!C15 -> 12 | E17: =IF(D17>=12,"TERCAPAI","BELUM TERCAPAI") -> TERCAPAI
A18: 13 | B18: ='DATA HAFALAN'!B16 -> LUCKY KURNIAWAN | D18: ='DATA HAFALAN'!C16 -> 12 | E18: =IF(D18>=15,"TERCAPAI","BELUM TERCAPAI") -> BELUM TERCAPAI
A19: 14 | B19: ='DATA HAFALAN'!B17 -> MUHAMMAD RAFIK MUHARAM | C19: ziyadah 10 Juz | D19: ='DATA HAFALAN'!C17 -> 12 | E19: =IF(D19>=10,"TERCAPAI","BELUM TERCAPAI") -> TERCAPAI
A20: 15 | B20: ='DATA HAFALAN'!B18 -> UMAR ABDUL MALIK | C20: ziyadah sampe juz 6 | D20: ='DATA HAFALAN'!C18 -> 11 | E20: =IF(D20>=8,"TERCAPAI","BELUM TERCAPAI") -> TERCAPAI
A21: 16 | B21: ='DATA HAFALAN'!B19 -> AHMAD HAFIDZ ALHAWARI | C21: sima'an 6 juz ( ) | E21: =IF(D21>=6,"TERCAPAI","BELUM TERCAPAI") -> BELUM TERCAPAI
A22: 17 | B22: ='DATA HAFALAN'!B20 -> MUHAMMAD FAUZAN | C22: sima'an 5 juz | E22: =IF(D22>=5,"TERCAPAI","BELUM TERCAPAI") -> BELUM TERCAPAI
A23: 18 | B23: ='DATA HAFALAN'!B21 -> AKBAR RAMADAN | C23: ziyadah 5 juz | D23: ='DATA HAFALAN'!C21 -> 9 | E23: =IF(D23>=5,"TERCAPAI","BELUM TERCAPAI") -> TERCAPAI
A24: 19 | B24: =#REF! -> #REF! | C24: ziyadah 5 juz | D24: =#REF! -> #REF! | E24: =IF(D24>=5,"TERCAPAI","BELUM TERCAPAI") -> #REF!
A25: 20 | B25: ='DATA HAFALAN'!B22 -> ABIDZAR ALGHIFARI | C25: ziyadah 4 Juz | D25: ='DATA HAFALAN'!C22 -> 8 | E25: =IF(D25>=4,"TERCAPAI","BELUM TERCAPAI") -> TERCAPAI
A26: 21 | B26: ='DATA HAFALAN'!B23 -> KAFY MUHAMMAD AZIZY | C26: sima'an 2 Juz | E26: =IF(D26>=2,"TERCAPAI","BELUM TERCAPAI") -> BELUM TERCAPAI
A27: 22 | B27: =#REF! -> #REF! | E27: =IF(D27>=15,"TERCAPAI","BELUM TERCAPAI") -> BELUM TERCAPAI
A28: 23 | B28: ='DATA HAFALAN'!B24 -> MUHAMMAD MUNAWWAR KHOLIL | C28: tahap tahsin | E28: =IF(D28="tahap tahsin","TERCAPAI","BELUM TERCAPAI") -> BELUM TERCAPAI
A29: 24 | B29: ='DATA HAFALAN'!B25 -> ALWI | C29: tahap tahsin | E29: =IF(D29>=15,"TERCAPAI","BELUM TERCAPAI") -> BELUM TERCAPAI
A30: 25 | B30: ='DATA HAFALAN'!B26 -> PIRMAN | C30: tahap tahsin | E30: =IF(D30>=15,"TERCAPAI","BELUM TERCAPAI") -> BELUM TERCAPAI
A31: 26 | B31: ='DATA HAFALAN'!B27 -> MUHAMMAD DENMAR NABAWI | C31: tahap tahsin | E31: =IF(D31>=15,"TERCAPAI","BELUM TERCAPAI") -> BELUM TERCAPAI
A32: 27 | B32: =#REF! -> #REF! | C32: tahap tahsin | E32: =IF(D32>=15,"TERCAPAI","BELUM TERCAPAI") -> BELUM TERCAPAI
A33: 28 | B33: =#REF! -> #REF!
A34: 29
A35: 30
A36: 31
A37: 32
A38: 33
A39: 34
A40: 35
A41: 36
A42: 37
A43: 38
A44: 39
A45: 40
... A52: 47

Sheet jumlah absensi
A1: JUMLAH ABSENSI PERBULAN
A4: ABSENSI NGAJI
A5: NO | B5: NAMA | D5: JUMLAH ABSENSI
C6: HAFALAN | D6: HADIR | E6: SAKIT | F6: IZIN | G6: SEKOLAH | H6: ALPHA
A7: 1 | B7: ='absensi setoran'!B7 -> AYI KOSIM HATIMI | C7: ='absensi setoran'!C7 -> 30 | D7: =SUM(Ngaji!U7,Ngaji!U41,Ngaji!U75,Ngaji!U109,Ngaji!U143) -> 5 | E7: =SUM(Ngaji!V7,Ngaji!V41,Ngaji!V75,Ngaji!V109,Ngaji!V143) -> 0 | F7: =SUM(Ngaji!W7,Ngaji!W41,Ngaji!W75,Ngaji!W109,Ngaji!W143) -> 1 | G7: =SUM(Ngaji!X7,Ngaji!X41,Ngaji!X75,Ngaji!X109,Ngaji!X143) -> 0 | H7: =SUM(Ngaji!Y7,Ngaji!Y41,Ngaji!Y75,Ngaji!Y109,Ngaji!Y143) -> 2 | I7: =B7 -> AYI KOSIM HATIMI
A8: 2 | B8: ='absensi setoran'!B8 -> ABRURRAHMAN AFANDI | C8: ='absensi setoran'!C8 -> 30 | D8: =SUM(Ngaji!U8,Ngaji!U42,Ngaji!U76,Ngaji!U110,Ngaji!U144) -> 3 | E8: =SUM(Ngaji!V8,Ngaji!V42,Ngaji!V76,Ngaji!V110,Ngaji!V144) -> 3 | F8: =SUM(Ngaji!W8,Ngaji!W42,Ngaji!W76,Ngaji!W110,Ngaji!W144) -> 0 | G8: =SUM(Ngaji!X8,Ngaji!X42,Ngaji!X76,Ngaji!X110,Ngaji!X144) -> 0 | H8: =SUM(Ngaji!Y8,Ngaji!Y42,Ngaji!Y76,Ngaji!Y110,Ngaji!Y144) -> 0 | I8: =B8 -> ABRURRAHMAN AFANDI
A9: 3 | B9: ='absensi setoran'!B9 -> CECEP ABDULATIF | C9: ='absensi setoran'!C9 -> 30 | D9: =SUM(Ngaji!U9,Ngaji!U43,Ngaji!U77,Ngaji!U111,Ngaji!U145) -> 8 | E9: =SUM(Ngaji!V9,Ngaji!V43,Ngaji!V77,Ngaji!V111,Ngaji!V145) -> 0 | F9: =SUM(Ngaji!W9,Ngaji!W43,Ngaji!W77,Ngaji!W111,Ngaji!W145) -> 0 | G9: =SUM(Ngaji!X9,Ngaji!X43,Ngaji!X77,Ngaji!X111,Ngaji!X145) -> 0 | H9: =SUM(Ngaji!Y9,Ngaji!Y43,Ngaji!Y77,Ngaji!Y111,Ngaji!Y145) -> 0 | I9: =B9 -> CECEP ABDULATIF
A10: 4 | B10: ='absensi setoran'!B10 -> DONI SUPRIATNA | C10: ='absensi setoran'!C10 -> 30 | D10: =SUM(Ngaji!U10,Ngaji!U44,Ngaji!U78,Ngaji!U112,Ngaji!U146) -> 5 | E10: =SUM(Ngaji!V10,Ngaji!V44,Ngaji!V78,Ngaji!V112,Ngaji!V146) -> 0 | F10: =SUM(Ngaji!W10,Ngaji!W44,Ngaji!W78,Ngaji!W112,Ngaji!W146) -> 3 | G10: =SUM(Ngaji!X10,Ngaji!X44,Ngaji!X78,Ngaji!X112,Ngaji!X146) -> 0 | H10: =SUM(Ngaji!Y10,Ngaji!Y44,Ngaji!Y78,Ngaji!Y112,Ngaji!Y146) -> 0 | I10: =B10 -> DONI SUPRIATNA
A11: 5 | B11: ='absensi setoran'!B11 -> #REF! | C11: ='absensi setoran'!C11 -> #REF! | D11: =SUM(Ngaji!U11,Ngaji!U45,Ngaji!U79,Ngaji!U113,Ngaji!U147) -> 9 | E11: =SUM(Ngaji!V11,Ngaji!V45,Ngaji!V79,Ngaji!V113,Ngaji!V147) -> 0 | F11: =SUM(Ngaji!W11,Ngaji!W45,Ngaji!W79,Ngaji!W113,Ngaji!W147) -> 0 | G11: =SUM(Ngaji!X11,Ngaji!X45,Ngaji!X79,Ngaji!X113,Ngaji!X147) -> 0 | H11: =SUM(Ngaji!Y11,Ngaji!Y45,Ngaji!Y79,Ngaji!Y113,Ngaji!Y147) -> 0 | I11: =B11 -> #REF!
A12: 6 | B12: ='absensi setoran'!B12 -> ZAKY AZHARI | C12: ='absensi setoran'!C12 -> 30 | D12: =SUM(Ngaji!U12,Ngaji!U46,Ngaji!U80,Ngaji!U114,Ngaji!U148) -> 5 | E12: =SUM(Ngaji!V12,Ngaji!V46,Ngaji!V80,Ngaji!V114,Ngaji!V148) -> 0 | F12: =SUM(Ngaji!W12,Ngaji!W46,Ngaji!W80,Ngaji!W114,Ngaji!W148) -> 1 | G12: =SUM(Ngaji!X12,Ngaji!X46,Ngaji!X80,Ngaji!X114,Ngaji!X148) -> 0 | H12: =SUM(Ngaji!Y12,Ngaji!Y46,Ngaji!Y80,Ngaji!Y114,Ngaji!Y148) -> 2 | I12: =B12 -> ZAKY AZHARI
A13: 7 | B13: ='absensi setoran'!B13 -> MUHAMMAD FAUZIL ADZIM | C13: ='absensi setoran'!C13 -> 30 | D13: =SUM(Ngaji!U13,Ngaji!U47,Ngaji!U81,Ngaji!U115,Ngaji!U149) -> 7 | E13: =SUM(Ngaji!V13,Ngaji!V47,Ngaji!V81,Ngaji!V115,Ngaji!V149) -> 0 | F13: =SUM(Ngaji!W13,Ngaji!W47,Ngaji!W81,Ngaji!W115,Ngaji!W149) -> 1 | G13: =SUM(Ngaji!X13,Ngaji!X47,Ngaji!X81,Ngaji!X115,Ngaji!X149) -> 0 | H13: =SUM(Ngaji!Y13,Ngaji!Y47,Ngaji!Y81,Ngaji!Y115,Ngaji!Y149) -> 0 | I13: =B13 -> MUHAMMAD FAUZIL ADZIM
A14: 8 | B14: ='absensi setoran'!B14 -> MUHAMMAD DZIKRI HUSAENI | C14: ='absensi setoran'!C14 -> 18 | D14: =SUM(Ngaji!U14,Ngaji!U48,Ngaji!U82,Ngaji!U116,Ngaji!U150) -> 9 | E14: =SUM(Ngaji!V14,Ngaji!V48,Ngaji!V82,Ngaji!V116,Ngaji!V150) -> 0 | F14: =SUM(Ngaji!W14,Ngaji!W48,Ngaji!W82,Ngaji!W116,Ngaji!W150) -> 0 | G14: =SUM(Ngaji!X14,Ngaji!X48,Ngaji!X82,Ngaji!X116,Ngaji!X150) -> 0 | H14: =SUM(Ngaji!Y14,Ngaji!Y48,Ngaji!Y82,Ngaji!Y116,Ngaji!Y150) -> 0 | I14: =B14 -> MUHAMMAD DZIKRI HUSAENI
A15: 9 | B15: ='absensi setoran'!B15 -> #REF! | C15: ='absensi setoran'!C15 -> #REF! | D15: =SUM(Ngaji!U15,Ngaji!U49,Ngaji!U83,Ngaji!U117,Ngaji!U151) -> 5 | E15: =SUM(Ngaji!V15,Ngaji!V49,Ngaji!V83,Ngaji!V117,Ngaji!V151) -> 0 | F15: =SUM(Ngaji!W15,Ngaji!W49,Ngaji!W83,Ngaji!W117,Ngaji!W151) -> 2 | G15: =SUM(Ngaji!X15,Ngaji!X49,Ngaji!X83,Ngaji!X117,Ngaji!X151) -> 0 | H15: =SUM(Ngaji!Y15,Ngaji!Y49,Ngaji!Y83,Ngaji!Y117,Ngaji!Y151) -> 1 | I15: =B15 -> #REF!
A16: 10 | B16: ='absensi setoran'!B16 -> ABDUL KHOLIQ | C16: ='absensi setoran'!C16 -> 14 | D16: =SUM(Ngaji!U16,Ngaji!U50,Ngaji!U84,Ngaji!U118,Ngaji!U152) -> 8 | E16: =SUM(Ngaji!V16,Ngaji!V50,Ngaji!V84,Ngaji!V118,Ngaji!V152) -> 0 | F16: =SUM(Ngaji!W16,Ngaji!W50,Ngaji!W84,Ngaji!W118,Ngaji!W152) -> 0 | G16: =SUM(Ngaji!X16,Ngaji!X50,Ngaji!X84,Ngaji!X118,Ngaji!X152) -> 0 | H16: =SUM(Ngaji!Y16,Ngaji!Y50,Ngaji!Y84,Ngaji!Y118,Ngaji!Y152) -> 0 | I16: =B16 -> ABDUL KHOLIQ
A17: 11 | B17: ='absensi setoran'!B17 -> IYAN FARID | C17: ='absensi setoran'!C17 -> 13 | D17: =SUM(Ngaji!U17,Ngaji!U51,Ngaji!U85,Ngaji!U119,Ngaji!U153) -> 8 | E17: =SUM(Ngaji!V17,Ngaji!V51,Ngaji!V85,Ngaji!V119,Ngaji!V153) -> 0 | F17: =SUM(Ngaji!W17,Ngaji!W51,Ngaji!W85,Ngaji!W119,Ngaji!W153) -> 0 | G17: =SUM(Ngaji!X17,Ngaji!X51,Ngaji!X85,Ngaji!X119,Ngaji!X153) -> 0 | H17: =SUM(Ngaji!Y17,Ngaji!Y51,Ngaji!Y85,Ngaji!Y119,Ngaji!Y153) -> 0 | I17: =B17 -> IYAN FARID
A18: 12 | B18: ='absensi setoran'!B18 -> ZAENI NURIL HIKAM | C18: ='absensi setoran'!C18 -> 12 | D18: =SUM(Ngaji!U18,Ngaji!U52,Ngaji!U86,Ngaji!U120,Ngaji!U154) -> 8 | E18: =SUM(Ngaji!V18,Ngaji!V52,Ngaji!V86,Ngaji!V120,Ngaji!V154) -> 0 | F18: =SUM(Ngaji!W18,Ngaji!W52,Ngaji!W86,Ngaji!W120,Ngaji!W154) -> 0 | G18: =SUM(Ngaji!X18,Ngaji!X52,Ngaji!X86,Ngaji!X120,Ngaji!X154) -> 0 | H18: =SUM(Ngaji!Y18,Ngaji!Y52,Ngaji!Y86,Ngaji!Y120,Ngaji!Y154) -> 0 | I18: =B18 -> ZAENI NURIL HIKAM
... A30: 24 | B30: ='absensi setoran'!B30 -> ALWI | C30: ='absensi setoran'!C30 -> 3 | D30: =SUM(Ngaji!U30,Ngaji!U64,Ngaji!U98,Ngaji!U132,Ngaji!U166) -> 4 | E30: =SUM(Ngaji!V30,Ngaji!V64,Ngaji!V98,Ngaji!V132,Ngaji!V166) -> 0 | F30: =SUM(Ngaji!W30,Ngaji!W64,Ngaji!W98,Ngaji!W132,Ngaji!W166) -> 0 | G30: =SUM(Ngaji!X30,Ngaji!X64,Ngaji!X98,Ngaji!X132,Ngaji!X166) -> 0 | H30: =SUM(Ngaji!Y30,Ngaji!Y64,Ngaji!Y98,Ngaji!Y132,Ngaji!Y166) -> 0 | I30: =B30 -> ALWI
A31: 25 | B31: ='absensi setoran'!B31 -> PIRMAN
A32: 26 | B32: ='absensi setoran'!B32 -> MUHAMMAD DENMAR NABAWI
A33: 27 | B33: ='absensi setoran'!B33 -> #REF!
A34: 28 | B34: ='absensi setoran'!B34 -> #REF!
A35: JUMLAH ABSENSI PERBULAN
A38: ABSENSI SETORAN
A39: NO | B39: NAMA | D39: JUMLAH ABSENSI
C40: HAFALAN | D40: HADIR | E40: SAKIT | F40: IZIN | G40: SEKOLAH | H40: ALPHA
A41: 1 | B41: ='absensi setoran'!B41 -> AYI KOSIM HATIMI | C41: ='absensi setoran'!C41 -> 30 | D41: =SUM('absensi setoran'!AS7,'absensi setoran'!AS41,'absensi setoran'!AS75,'absensi setoran'!AS109,'absensi setoran'!AS143) -> 11 | E41: =SUM('absensi setoran'!AT7,'absensi setoran'!AT41,'absensi setoran'!AT75,'absensi setoran'!AT109,'absensi setoran'!AT143) -> 0 | F41: =SUM('absensi setoran'!AU7,'absensi setoran'!AU41,'absensi setoran'!AU75,'absensi setoran'!AU109,'absensi setoran'!AU143) -> 2 | G41: =SUM('absensi setoran'!AV7,'absensi setoran'!AV41,'absensi setoran'!AV75,'absensi setoran'!AV109,'absensi setoran'!AV143) -> 0 | H41: =SUM('absensi setoran'!AW7,'absensi setoran'!AW41,'absensi setoran'!AW75,'absensi setoran'!AW109,'absensi setoran'!AW143) -> 3 | I41: =B41 -> AYI KOSIM HATIMI
A42: 2 | B42: ='absensi setoran'!B42 -> ABRURRAHMAN AFANDI | C42: ='absensi setoran'!C42 -> 30 | D42: =SUM('absensi setoran'!AS8,'absensi setoran'!AS42,'absensi setoran'!AS76,'absensi setoran'!AS110,'absensi setoran'!AS144) -> 1 | E42: =SUM('absensi setoran'!AT8,'absensi setoran'!AT42,'absensi setoran'!AT76,'absensi setoran'!AT110,'absensi setoran'!AT144) -> 0 | F42: =SUM('absensi setoran'!AU8,'absensi setoran'!AU42,'absensi setoran'!AU76,'absensi setoran'!AU110,'absensi setoran'!AU144) -> 4 | G42: =SUM('absensi setoran'!AV8,'absensi setoran'!AV42,'absensi setoran'!AV76,'absensi setoran'!AV110,'absensi setoran'!AV144) -> 0 | H42: =SUM('absensi setoran'!AW8,'absensi setoran'!AW42,'absensi setoran'!AW76,'absensi setoran'!AW110,'absensi setoran'!AW144) -> 2 | I42: =B42 -> ABRURRAHMAN AFANDI
A43: 3 | B43: ='absensi setoran'!B43 -> CECEP ABDULATIF | C43: ='absensi setoran'!C43 -> 30 | D43: =SUM('absensi setoran'!AS9,'absensi setoran'!AS43,'absensi setoran'!AS77,'absensi setoran'!AS111,'absensi setoran'!AS145) -> 6 | E43: =SUM('absensi setoran'!AT9,'absensi setoran'!AT43,'absensi setoran'!AT77,'absensi setoran'!AT111,'absensi setoran'!AT145) -> 0 | F43: =SUM('absensi setoran'!AU9,'absensi setoran'!AU43,'absensi setoran'!AU77,'absensi setoran'!AU111,'absensi setoran'!AU145) -> 6 | G43: =SUM('absensi setoran'!AV9,'absensi setoran'!AV43,'absensi setoran'!AV77,'absensi setoran'!AV111,'absensi setoran'!AV145) -> 0 | H43: =SUM('absensi setoran'!AW9,'absensi setoran'!AW43,'absensi setoran'!AW77,'absensi setoran'!AW111,'absensi setoran'!AW145) -> 3 | I43: =B43 -> CECEP ABDULATIF
A44: 4 | B44: ='absensi setoran'!B44 -> DONI SUPRIATNA | C44: ='absensi setoran'!C44 -> 30 | D44: =SUM('absensi setoran'!AS10,'absensi setoran'!AS44,'absensi setoran'!AS78,'absensi setoran'!AS112,'absensi setoran'!AS146) -> 4 | E44: =SUM('absensi setoran'!AT10,'absensi setoran'!AT44,'absensi setoran'!AT78,'absensi setoran'!AT112,'absensi setoran'!AT146) -> 1 | F44: =SUM('absensi setoran'!AU10,'absensi setoran'!AU44,'absensi setoran'!AU78,'absensi setoran'!AU112,'absensi setoran'!AU146) -> 2 | G44: =SUM('absensi setoran'!AV10,'absensi setoran'!AV44,'absensi setoran'!AV78,'absensi setoran'!AV112,'absensi setoran'!AV146) -> 0 | H44: =SUM('absensi setoran'!AW10,'absensi setoran'!AW44,'absensi setoran'!AW78,'absensi setoran'!AW112,'absensi setoran'!AW146) -> 1 | I44: =B44 -> DONI SUPRIATNA
A45: 5 | B45: ='absensi setoran'!B45 -> #REF! | C45: ='absensi setoran'!C45 -> #REF! | D45: =SUM('absensi setoran'!AS11,'absensi setoran'!AS45,'absensi setoran'!AS79,'absensi setoran'!AS113,'absensi setoran'!AS147) -> 11 | E45: =SUM('absensi setoran'!AT11,'absensi setoran'!AT45,'absensi setoran'!AT79,'absensi setoran'!AT113,'absensi setoran'!AT147) -> 0 | F45: =SUM('absensi setoran'!AU11,'absensi setoran'!AU45,'absensi setoran'!AU79,'absensi setoran'!AU113,'absensi setoran'!AU147) -> 0 | G45: =SUM('absensi setoran'!AV11,'absensi setoran'!AV45,'absensi setoran'!AV79,'absensi setoran'!AV113,'absensi setoran'!AV147) -> 0 | H45: =SUM('absensi setoran'!AW11,'absensi setoran'!AW45,'absensi setoran'!AW79,'absensi setoran'!AW113,'absensi setoran'!AW147) -> 2 | I45: =B45 -> #REF!
A46: 6 | B46: ='absensi setoran'!B46 -> ZAKY AZHARI | C46: ='absensi setoran'!C46 -> 30 | D46: =SUM('absensi setoran'!AS12,'absensi setoran'!AS46,'absensi setoran'!AS80,'absensi setoran'!AS114,'absensi setoran'!AS148) -> 2 | E46: =SUM('absensi setoran'!AT12,'absensi setoran'!AT46,'absensi setoran'!AT80,'absensi setoran'!AT114,'absensi setoran'!AT148) -> 3 | F46: =SUM('absensi setoran'!AU12,'absensi setoran'!AU46,'absensi setoran'!AU80,'absensi setoran'!AU114,'absensi setoran'!AU148) -> 1 | G46: =SUM('absensi setoran'!AV12,'absensi setoran'!AV46,'absensi setoran'!AV80,'absensi setoran'!AV114,'absensi setoran'!AV148) -> 2 | H46: =SUM('absensi setoran'!AW12,'absensi setoran'!AW46,'absensi setoran'!AW80,'absensi setoran'!AW114,'absensi setoran'!AW148) -> 3 | I46: =B46 -> ZAKY AZHARI
A47: 7 | B47: ='absensi setoran'!B47 -> MUHAMMAD FAUZIL ADZIM | C47: ='absensi setoran'!C47 -> 30 | D47: =SUM('absensi setoran'!AS13,'absensi setoran'!AS47,'absensi setoran'!AS81,'absensi setoran'!AS115,'absensi setoran'!AS149) -> 12 | E47: =SUM('absensi setoran'!AT13,'absensi setoran'!AT47,'absensi setoran'!AT81,'absensi setoran'!AT115,'absensi setoran'!AT149) -> 0 | F47: =SUM('absensi setoran'!AU13,'absensi setoran'!AU47,'absensi setoran'!AU81,'absensi setoran'!AU115,'absensi setoran'!AU149) -> 0 | G47: =SUM('absensi setoran'!AV13,'absensi setoran'!AV47,'absensi setoran'!AV81,'absensi setoran'!AV115,'absensi setoran'!AV149) -> 0 | H47: =SUM('absensi setoran'!AW13,'absensi setoran'!AW47,'absensi setoran'!AW81,'absensi setoran'!AW115,'absensi setoran'!AW149) -> 0 | I47: =B47 -> MUHAMMAD FAUZIL ADZIM
A48: 8 | B48: ='absensi setoran'!B48 -> MUHAMMAD DZIKRI HUSAENI | C48: ='absensi setoran'!C48 -> 18 | D48: =SUM('absensi setoran'!AS14,'absensi setoran'!AS48,'absensi setoran'!AS82,'absensi setoran'!AS116,'absensi setoran'!AS150) -> 17 | E48: =SUM('absensi setoran'!AT14,'absensi setoran'!AT48,'absensi setoran'!AT82,'absensi setoran'!AT116,'absensi setoran'!AT150) -> 0 | F48: =SUM('absensi setoran'!AU14,'absensi setoran'!AU48,'absensi setoran'!AU82,'absensi setoran'!AU116,'absensi setoran'!AU150) -> 2 | G48: =SUM('absensi setoran'!AV14,'absensi setoran'!AV48,'absensi setoran'!AV82,'absensi setoran'!AV116,'absensi setoran'!AV150) -> 1 | H48: =SUM('absensi setoran'!AW14,'absensi setoran'!AW48,'absensi setoran'!AW82,'absensi setoran'!AW116,'absensi setoran'!AW150) -> 1 | I48: =B48 -> MUHAMMAD DZIKRI HUSAENI
A49: 9 | B49: ='absensi setoran'!B49 -> #REF! | C49: ='absensi setoran'!C49 -> #REF! | D49: =SUM('absensi setoran'!AS15,'absensi setoran'!AS49,'absensi setoran'!AS83,'absensi setoran'!AS117,'absensi setoran'!AS151) -> 15 | E49: =SUM('absensi setoran'!AT15,'absensi setoran'!AT49,'absensi setoran'!AT83,'absensi setoran'!AT117,'absensi setoran'!AT151) -> 0 | F49: =SUM('absensi setoran'!AU15,'absensi setoran'!AU49,'absensi setoran'!AU83,'absensi setoran'!AU117,'absensi setoran'!AU151) -> 4 | G49: =SUM('absensi setoran'!AV15,'absensi setoran'!AV49,'absensi setoran'!AV83,'absensi setoran'!AV117,'absensi setoran'!AV151) -> 0 | H49: =SUM('absensi setoran'!AW15,'absensi setoran'!AW49,'absensi setoran'!AW83,'absensi setoran'!AW117,'absensi setoran'!AW151) -> 3 | I49: =B49 -> #REF!
A50: 10 | B50: ='absensi setoran'!B50 -> ABDUL KHOLIQ | C50: ='absensi setoran'!C50 -> 14 | D50: =SUM('absensi setoran'!AS16,'absensi setoran'!AS50,'absensi setoran'!AS84,'absensi setoran'!AS118,'absensi setoran'!AS152) -> 10 | E50: =SUM('absensi setoran'!AT16,'absensi setoran'!AT50,'absensi setoran'!AT84,'absensi setoran'!AT118,'absensi setoran'!AT152) -> 1 | F50: =SUM('absensi setoran'!AU16,'absensi setoran'!AU50,'absensi setoran'!AU84,'absensi setoran'!AU118,'absensi setoran'!AU152) -> 1 | G50: =SUM('absensi setoran'!AV16,'absensi setoran'!AV50,'absensi setoran'!AV84,'absensi setoran'!AV118,'absensi setoran'!AV152) -> 1 | H50: =SUM('absensi setoran'!AW16,'absensi setoran'!AW50,'absensi setoran'!AW84,'absensi setoran'!AW118,'absensi setoran'!AW152) -> 1 | I50: =B50 -> ABDUL KHOLIQ
A51: 11 | B51: ='absensi setoran'!B51 -> IYAN FARID | C51: ='absensi setoran'!C51 -> 13 | D51: =SUM('absensi setoran'!AS17,'absensi setoran'!AS51,'absensi setoran'!AS85,'absensi setoran'!AS119,'absensi setoran'!AS153) -> 9 | E51: =SUM('absensi setoran'!AT17,'absensi setoran'!AT51,'absensi setoran'!AT85,'absensi setoran'!AT119,'absensi setoran'!AT153) -> 2 | F51: =SUM('absensi setoran'!AU17,'absensi setoran'!AU51,'absensi setoran'!AU85,'absensi setoran'!AU119,'absensi setoran'!AU153) -> 0 | G51: =SUM('absensi setoran'!AV17,'absensi setoran'!AV51,'absensi setoran'!AV85,'absensi setoran'!AV119,'absensi setoran'!AV153) -> 1 | H51: =SUM('absensi setoran'!AW17,'absensi setoran'!AW51,'absensi setoran'!AW85,'absensi setoran'!AW119,'absensi setoran'!AW153) -> 1 | I51: =B51 -> IYAN FARID
A52: 12 | B52: ='absensi setoran'!B52 -> ZAENI NURIL HIKAM | C52: ='absensi setoran'!C52 -> 12 | D52: =SUM('absensi setoran'!AS18,'absensi setoran'!AS52,'absensi setoran'!AS86,'absensi setoran'!AS120,'absensi setoran'!AS154) -> 8 | E52: =SUM('absensi setoran'!AT18,'absensi setoran'!AT52,'absensi setoran'!AT86,'absensi setoran'!AT120,'absensi setoran'!AT154) -> 0 | F52: =SUM('absensi setoran'!AU18,'absensi setoran'!AU52,'absensi setoran'!AU86,'absensi setoran'!AU120,'absensi setoran'!AU154) -> 2 | G52: =SUM('absensi setoran'!AV18,'absensi setoran'!AV52,'absensi setoran'!AV86,'absensi setoran'!AV120,'absensi setoran'!AV154) -> 1 | H52: =SUM('absensi setoran'!AW18,'absensi setoran'!AW52,'absensi setoran'!AW86,'absensi setoran'!AW120,'absensi setoran'!AW154) -> 1 | I52: =B52 -> ZAENI NURIL HIKAM
... A64: 24 | B64: ='absensi setoran'!B64 -> ALWI | C64: ='absensi setoran'!C64 -> 3 | D64: =SUM('absensi setoran'!AS30,'absensi setoran'!AS64,'absensi setoran'!AS98,'absensi setoran'!AS132,'absensi setoran'!AS166) -> 13 | E64: =SUM('absensi setoran'!AT30,'absensi setoran'!AT64,'absensi setoran'!AT98,'absensi setoran'!AT132,'absensi setoran'!AT166) -> 0 | F64: =SUM('absensi setoran'!AU30,'absensi setoran'!AU64,'absensi setoran'!AU98,'absensi setoran'!AU132,'absensi setoran'!AU166) -> 0 | G64: =SUM('absensi setoran'!AV30,'absensi setoran'!AV64,'absensi setoran'!AV98,'absensi setoran'!AV132,'absensi setoran'!AV166) -> 0 | H64: =SUM('absensi setoran'!AW30,'absensi setoran'!AW64,'absensi setoran'!AW98,'absensi setoran'!AW132,'absensi setoran'!AW166) -> 0 | I64: =B64 -> ALWI
A69: JUMLAH ABSENSI PERBULAN
A72: ABSENSI NGAFAL
A73: NO | B73: NAMA | D73: JUMLAH ABSENSI
C74: HAFALAN | D74: HADIR | E74: SAKIT | F74: IZIN | G74: SEKOLAH | H74: ALPHA
A75: 1 | B75: ='absensi setoran'!B75 -> AYI KOSIM HATIMI | C75: ='absensi setoran'!C75 -> 30 | D75: =SUM(ngafal!U7,ngafal!U41,ngafal!U75,ngafal!U109,ngafal!U143) -> 3 | E75: =SUM(ngafal!V7,ngafal!V41,ngafal!V75,ngafal!V109,ngafal!V143) -> 1 | F75: =SUM(ngafal!W7,ngafal!W41,ngafal!W75,ngafal!W109,ngafal!W143) -> 2 | G75: =SUM(ngafal!X7,ngafal!X41,ngafal!X75,ngafal!X109,ngafal!X143) -> 0 | H75: =SUM(ngafal!Y7,ngafal!Y41,ngafal!Y75,ngafal!Y109,ngafal!Y143) -> 0 | I75: =B75 -> AYI KOSIM HATIMI
A76: 2 | B76: ='absensi setoran'!B76 -> ABRURRAHMAN AFANDI | C76: ='absensi setoran'!C76 -> 30 | D76: =SUM(ngafal!U8,ngafal!U42,ngafal!U76,ngafal!U110,ngafal!U144) -> 0 | E76: =SUM(ngafal!V8,ngafal!V42,ngafal!V76,ngafal!V110,ngafal!V144) -> 5 | F76: =SUM(ngafal!W8,ngafal!W42,ngafal!W76,ngafal!W110,ngafal!W144) -> 0 | G76: =SUM(ngafal!X8,ngafal!X42,ngafal!X76,ngafal!X110,ngafal!X144) -> 0 | H76: =SUM(ngafal!Y8,ngafal!Y42,ngafal!Y76,ngafal!Y110,ngafal!Y144) -> 1 | I76: =B76 -> ABRURRAHMAN AFANDI
A77: 3 | B77: ='absensi setoran'!B77 -> CECEP ABDULATIF | C77: ='absensi setoran'!C77 -> 30 | D77: =SUM(ngafal!U9,ngafal!U43,ngafal!U77,ngafal!U111,ngafal!U145) -> 5 | E77: =SUM(ngafal!V9,ngafal!V43,ngafal!V77,ngafal!V111,ngafal!V145) -> 0 | F77: =SUM(ngafal!W9,ngafal!W43,ngafal!W77,ngafal!W111,ngafal!W145) -> 0 | G77: =SUM(ngafal!X9,ngafal!X43,ngafal!X77,ngafal!X111,ngafal!X145) -> 0 | H77: =SUM(ngafal!Y9,ngafal!Y43,ngafal!Y77,ngafal!Y111,ngafal!Y145) -> 0 | I77: =B77 -> CECEP ABDULATIF
A78: 4 | B78: ='absensi setoran'!B78 -> DONI SUPRIATNA | C78: ='absensi setoran'!C78 -> 30 | D78: =SUM(ngafal!U10,ngafal!U44,ngafal!U78,ngafal!U112,ngafal!U146) -> 4 | E78: =SUM(ngafal!V10,ngafal!V44,ngafal!V78,ngafal!V112,ngafal!V146) -> 1 | F78: =SUM(ngafal!W10,ngafal!W44,ngafal!W78,ngafal!W112,ngafal!W146) -> 0 | G78: =SUM(ngafal!X10,ngafal!X44,ngafal!X78,ngafal!X112,ngafal!X146) -> 0 | H78: =SUM(ngafal!Y10,ngafal!Y44,ngafal!Y78,ngafal!Y112,ngafal!Y146) -> 1 | I78: =B78 -> DONI SUPRIATNA
A79: 5 | B79: ='absensi setoran'!B79 -> #REF! | C79: ='absensi setoran'!C79 -> #REF! | D79: =SUM(ngafal!U11,ngafal!U45,ngafal!U79,ngafal!U113,ngafal!U147) -> 4 | E79: =SUM(ngafal!V11,ngafal!V45,ngafal!V79,ngafal!V113,ngafal!V147) -> 0 | F79: =SUM(ngafal!W11,ngafal!W45,ngafal!W79,ngafal!W113,ngafal!W147) -> 0 | G79: =SUM(ngafal!X11,ngafal!X45,ngafal!X79,ngafal!X113,ngafal!X147) -> 0 | H79: =SUM(ngafal!Y11,ngafal!Y45,ngafal!Y79,ngafal!Y113,ngafal!Y147) -> 2 | I79: =B79 -> #REF!
A80: 6 | B80: ='absensi setoran'!B80 -> ZAKY AZHARI | C80: ='absensi setoran'!C80 -> 30 | D80: =SUM(ngafal!U12,ngafal!U46,ngafal!U80,ngafal!U114,ngafal!U148) -> 2 | E80: =SUM(ngafal!V12,ngafal!V46,ngafal!V80,ngafal!V114,ngafal!V148) -> 0 | F80: =SUM(ngafal!W12,ngafal!W46,ngafal!W80,ngafal!W114,ngafal!W148) -> 2 | G80: =SUM(ngafal!X12,ngafal!X46,ngafal!X80,ngafal!X114,ngafal!X148) -> 0 | H80: =SUM(ngafal!Y12,ngafal!Y46,ngafal!Y80,ngafal!Y114,ngafal!Y148) -> 2 | I80: =B80 -> ZAKY AZHARI
A81: 7 | B81: ='absensi setoran'!B81 -> MUHAMMAD FAUZIL ADZIM | C81: ='absensi setoran'!C81 -> 30 | D81: =SUM(ngafal!U13,ngafal!U47,ngafal!U81,ngafal!U115,ngafal!U149) -> 4 | E81: =SUM(ngafal!V13,ngafal!V47,ngafal!V81,ngafal!V115,ngafal!V149) -> 0 | F81: =SUM(ngafal!W13,ngafal!W47,ngafal!W81,ngafal!W115,ngafal!W149) -> 1 | G81: =SUM(ngafal!X13,ngafal!X47,ngafal!X81,ngafal!X115,ngafal!X149) -> 0 | H81: =SUM(ngafal!Y13,ngafal!Y47,ngafal!Y81,ngafal!Y115,ngafal!Y149) -> 0 | I81: =B81 -> MUHAMMAD FAUZIL ADZIM
A82: 8 | B82: ='absensi setoran'!B82 -> MUHAMMAD DZIKRI HUSAENI | C82: ='absensi setoran'!C82 -> 18 | D82: =SUM(ngafal!U14,ngafal!U48,ngafal!U82,ngafal!U116,ngafal!U150) -> 3 | E82: =SUM(ngafal!V14,ngafal!V48,ngafal!V82,ngafal!V116,ngafal!V150) -> 0 | F82: =SUM(ngafal!W14,ngafal!W48,ngafal!W82,ngafal!W116,ngafal!W150) -> 0 | G82: =SUM(ngafal!X14,ngafal!X48,ngafal!X82,ngafal!X116,ngafal!X150) -> 0 | H82: =SUM(ngafal!Y14,ngafal!Y48,ngafal!Y82,ngafal!Y116,ngafal!Y150) -> 2 | I82: =B82 -> MUHAMMAD DZIKRI HUSAENI
A83: 9 | B83: ='absensi setoran'!B83 -> #REF! | C83: ='absensi setoran'!C83 -> #REF! | D83: =SUM(ngafal!U15,ngafal!U49,ngafal!U83,ngafal!U117,ngafal!U151) -> 2 | E83: =SUM(ngafal!V15,ngafal!V49,ngafal!V83,ngafal!V117,ngafal!V151) -> 0 | F83: =SUM(ngafal!W15,ngafal!W49,ngafal!W83,ngafal!W117,ngafal!W151) -> 2 | G83: =SUM(ngafal!X15,ngafal!X49,ngafal!X83,ngafal!X117,ngafal!X151) -> 0 | H83: =SUM(ngafal!Y15,ngafal!Y49,ngafal!Y83,ngafal!Y117,ngafal!Y151) -> 2 | I83: =B83 -> #REF!
A84: 10 | B84: ='absensi setoran'!B84 -> ABDUL KHOLIQ | C84: ='absensi setoran'!C84 -> 14 | D84: =SUM(ngafal!U16,ngafal!U50,ngafal!U84,ngafal!U118,ngafal!U152) -> 5 | E84: =SUM(ngafal!V16,ngafal!V50,ngafal!V84,ngafal!V118,ngafal!V152) -> 0 | F84: =SUM(ngafal!W16,ngafal!W50,ngafal!W84,ngafal!W118,ngafal!W152) -> 0 | G84: =SUM(ngafal!X16,ngafal!X50,ngafal!X84,ngafal!X118,ngafal!X152) -> 0 | H84: =SUM(ngafal!Y16,ngafal!Y50,ngafal!Y84,ngafal!Y118,ngafal!Y152) -> 1 | I84: =B84 -> ABDUL KHOLIQ
A85: 11 | B85: ='absensi setoran'!B85 -> IYAN FARID | C85: ='absensi setoran'!C85 -> 13 | D85: =SUM(ngafal!U17,ngafal!U51,ngafal!U85,ngafal!U119,ngafal!U153) -> 2 | E85: =SUM(ngafal!V17,ngafal!V51,ngafal!V85,ngafal!V119,ngafal!V153) -> 0 | F85: =SUM(ngafal!W17,ngafal!W51,ngafal!W85,ngafal!W119,ngafal!W153) -> 1 | G85: =SUM(ngafal!X17,ngafal!X51,ngafal!X85,ngafal!X119,ngafal!X153) -> 0 | H85: =SUM(ngafal!Y17,ngafal!Y51,ngafal!Y85,ngafal!Y119,ngafal!Y153) -> 2 | I85: =B85 -> IYAN FARID
A86: 12 | B86: ='absensi setoran'!B86 -> ZAENI NURIL HIKAM | C86: ='absensi setoran'!C86 -> 12 | D86: =SUM(ngafal!U18,ngafal!U52,ngafal!U86,ngafal!U120,ngafal!U154) -> 5 | E86: =SUM(ngafal!V18,ngafal!V52,ngafal!V86,ngafal!V120,ngafal!V154) -> 0 | F86: =SUM(ngafal!W18,ngafal!W52,ngafal!W86,ngafal!W120,ngafal!W154) -> 0 | G86: =SUM(ngafal!X18,ngafal!X52,ngafal!X86,ngafal!X120,ngafal!X154) -> 0 | H86: =SUM(ngafal!Y18,ngafal!Y52,ngafal!Y86,ngafal!Y120,ngafal!Y154) -> 1 | I86: =B86 -> ZAENI NURIL HIKAM
... A98: 24 | B98: ='absensi setoran'!B98 -> ALWI | C98: ='absensi setoran'!C98 -> Tahsin | D98: =SUM(ngafal!U30,ngafal!U64,ngafal!U98,ngafal!U132,ngafal!U166) -> 1 | E98: =SUM(ngafal!V30,ngafal!V64,ngafal!V98,ngafal!V132,ngafal!V166) -> 0 | F98: =SUM(ngafal!W30,ngafal!W64,ngafal!W98,ngafal!W132,ngafal!W166) -> 0 | G98: =SUM(ngafal!X30,ngafal!X64,ngafal!X98,ngafal!X132,ngafal!X166) -> 0 | H98: =SUM(ngafal!Y30,ngafal!Y64,ngafal!Y98,ngafal!Y132,ngafal!Y166) -> 0 | I98: =B98 -> ALWI

Sheet absensi setoran
A1: ABSENSI SETORAN
A4: MINGGU KE 1
A5: NO | B5: NAMA | D5: Sabtu 2 | K5: Ahad 3 | R5: Senin 4 | Y5: Selasa 5 | AF5: Rabu 6 | AM5: Kamis 7 | AS5: JUMLAH
C6: JUMLAH HAFALAN | D6: PAGI | F6: Penyimak | G6: SIANG | I6: Penyimak | K6: PAGI | M6: Penyimak | N6: SIANG | P6: Penyimak | R6: PAGI | T6: Penyimak | U6: SIANG | W6: Penyimak | Y6: PAGI | AA6: Penyimak | AB6: SIANG | AD6: Penyimak | AF6: PAGI | AH6: Penyimak | AI6: SIANG | AK6: Penyimak | AM6: PAGI | AO6: Penyimak | AP6: SIANG | AR6: Penyimak | AS6: Hadir | AT6: Izin | AU6: Tidur | AV6: Sakit | AW6: Alpha
A7: 1 | B7: ='DATA HAFALAN'!B6 -> AYI KOSIM HATIMI | C7: ='DATA HAFALAN'!C6 -> 30 | J7: =B7 -> AYI KOSIM HATIMI | L7: A | M7: A Rifqi | Q7: =B7 -> AYI KOSIM HATIMI | S7: A | T7: A Rifqi | X7: =B7 -> AYI KOSIM HATIMI | Z7: A | AE7: =B7 -> AYI KOSIM HATIMI | AL7: =B7 -> AYI KOSIM HATIMI | AS7: =COUNTIF(E7:AQ7,"H") -> 0 | AT7: =COUNTIF(E7:AQ7,"I") -> 0 | AU7: =COUNTIF(E7:AQ7,"TD") -> 0 | AV7: =COUNTIF(E7:AQ7,"S") -> 0 | AW7: =COUNTIF(E7:AQ7,"A") -> 3 | AX7: =B7 -> AYI KOSIM HATIMI
A8: 2 | B8: ='DATA HAFALAN'!B7 -> ABRURRAHMAN AFANDI | C8: ='DATA HAFALAN'!C7 -> 30 | J8: =B8 -> ABRURRAHMAN AFANDI | Q8: =B8 -> ABRURRAHMAN AFANDI | X8: =B8 -> ABRURRAHMAN AFANDI | Z8: P | AE8: =B8 -> ABRURRAHMAN AFANDI | AL8: =B8 -> ABRURRAHMAN AFANDI | AS8: =COUNTIF(E8:AQ8,"H") -> 0 | AT8: =COUNTIF(E8:AQ8,"I") -> 0 | AU8: =COUNTIF(E8:AQ8,"TD") -> 0 | AV8: =COUNTIF(E8:AQ8,"S") -> 0 | AW8: =COUNTIF(E8:AQ8,"A") -> 0 | AX8: =B8 -> ABRURRAHMAN AFANDI
A9: 3 | B9: ='DATA HAFALAN'!B8 -> CECEP ABDULATIF | C9: ='DATA HAFALAN'!C8 -> 30 | J9: =B9 -> CECEP ABDULATIF | L9: H | M9: A Rifqi | Q9: =B9 -> CECEP ABDULATIF | X9: =B9 -> CECEP ABDULATIF | Z9: TS | AE9: =B9 -> CECEP ABDULATIF | AL9: =B9 -> CECEP ABDULATIF | AS9: =COUNTIF(E9:AQ9,"H") -> 1 | AT9: =COUNTIF(E9:AQ9,"I") -> 0 | AU9: =COUNTIF(E9:AQ9,"TD") -> 0 | AV9: =COUNTIF(E9:AQ9,"S") -> 0 | AW9: =COUNTIF(E9:AQ9,"A") -> 0 | AX9: =B9 -> CECEP ABDULATIF
A10: 4 | B10: ='DATA HAFALAN'!B9 -> DONI SUPRIATNA | C10: ='DATA HAFALAN'!C9 -> 30 | J10: =B10 -> DONI SUPRIATNA | Q10: =B10 -> DONI SUPRIATNA | X10: =B10 -> DONI SUPRIATNA | Z10: TS | AE10: =B10 -> DONI SUPRIATNA | AL10: =B10 -> DONI SUPRIATNA | AS10: =COUNTIF(E10:AQ10,"H") -> 0 | AT10: =COUNTIF(E10:AQ10,"I") -> 0 | AU10: =COUNTIF(E10:AQ10,"TD") -> 0 | AV10: =COUNTIF(E10:AQ10,"S") -> 0 | AW10: =COUNTIF(E10:AQ10,"A") -> 0 | AX10: =B10 -> DONI SUPRIATNA
A11: 5 | B11: =#REF! -> #REF! | C11: =#REF! -> #REF! | J11: =B11 -> #REF! | L11: TS | M11: A Rifqi | Q11: =B11 -> #REF! | S11: TS | T11: A Rifqi | X11: =B11 -> #REF! | Z11: H | AE11: =B11 -> #REF! | AL11: =B11 -> #REF! | AS11: =COUNTIF(E11:AQ11,"H") -> 1 | AT11: =COUNTIF(E11:AQ11,"I") -> 0 | AU11: =COUNTIF(E11:AQ11,"TD") -> 0 | AV11: =COUNTIF(E11:AQ11,"S") -> 0 | AW11: =COUNTIF(E11:AQ11,"A") -> 0 | AX11: =B11 -> #REF!
A12: 6 | B12: ='DATA HAFALAN'!B10 -> ZAKY AZHARI | C12: ='DATA HAFALAN'!C10 -> 30 | J12: =B12 -> ZAKY AZHARI | L12: TS | M12: A Rifqi | Q12: =B12 -> ZAKY AZHARI | S12: A | T12: A Rifqi | X12: =B12 -> ZAKY AZHARI | Z12: A | AE12: =B12 -> ZAKY AZHARI | AL12: =B12 -> ZAKY AZHARI | AS12: =COUNTIF(E12:AQ12,"H") -> 0 | AT12: =COUNTIF(E12:AQ12,"I") -> 0 | AU12: =COUNTIF(E12:AQ12,"TD") -> 0 | AV12: =COUNTIF(E12:AQ12,"S") -> 0 | AW12: =COUNTIF(E12:AQ12,"A") -> 2 | AX12: =B12 -> ZAKY AZHARI
A13: 7 | B13: ='DATA HAFALAN'!B11 -> MUHAMMAD FAUZIL ADZIM | C13: ='DATA HAFALAN'!C11 -> 30 | J13: =B13 -> MUHAMMAD FAUZIL ADZIM | L13: TS | M13: A Rifqi | Q13: =B13 -> MUHAMMAD FAUZIL ADZIM | S13: TS | T13: A Rifqi | X13: =B13 -> MUHAMMAD FAUZIL ADZIM | Z13: TS | AE13: =B13 -> MUHAMMAD FAUZIL ADZIM | AL13: =B13 -> MUHAMMAD FAUZIL ADZIM | AS13: =COUNTIF(E13:AQ13,"H") -> 0 | AT13: =COUNTIF(E13:AQ13,"I") -> 0 | AU13: =COUNTIF(E13:AQ13,"TD") -> 0 | AV13: =COUNTIF(E13:AQ13,"S") -> 0 | AW13: =COUNTIF(E13:AQ13,"A") -> 0 | AX13: =B13 -> MUHAMMAD FAUZIL ADZIM
A14: 8 | B14: ='DATA HAFALAN'!B12 -> MUHAMMAD DZIKRI HUSAENI | C14: ='DATA HAFALAN'!C12 -> 18 | J14: =B14 -> MUHAMMAD DZIKRI HUSAENI | L14: H | M14: A Rifqi | Q14: =B14 -> MUHAMMAD DZIKRI HUSAENI | S14: H | T14: A Rifqi | X14: =B14 -> MUHAMMAD DZIKRI HUSAENI | Z14: TS | AE14: =B14 -> MUHAMMAD DZIKRI HUSAENI | AL14: =B14 -> MUHAMMAD DZIKRI HUSAENI | AS14: =COUNTIF(E14:AQ14,"H") -> 2 | AT14: =COUNTIF(E14:AQ14,"I") -> 0 | AU14: =COUNTIF(E14:AQ14,"TD") -> 0 | AV14: =COUNTIF(E14:AQ14,"S") -> 0 | AW14: =COUNTIF(E14:AQ14,"A") -> 0 | AX14: =B14 -> MUHAMMAD DZIKRI HUSAENI
A15: 9 | B15: =#REF! -> #REF! | C15: =#REF! -> #REF! | J15: =B15 -> #REF! | L15: H | M15: A Rifqi | Q15: =B15 -> #REF! | S15: TS | T15: A Rifqi | X15: =B15 -> #REF! | Z15: P | AE15: =B15 -> #REF! | AL15: =B15 -> #REF! | AS15: =COUNTIF(E15:AQ15,"H") -> 1 | AT15: =COUNTIF(E15:AQ15,"I") -> 0 | AU15: =COUNTIF(E15:AQ15,"TD") -> 0 | AV15: =COUNTIF(E15:AQ15,"S") -> 0 | AW15: =COUNTIF(E15:AQ15,"A") -> 0 | AX15: =B15 -> #REF!
A16: 10 | B16: ='DATA HAFALAN'!B13 -> ABDUL KHOLIQ | C16: ='DATA HAFALAN'!C13 -> 14 | J16: =B16 -> ABDUL KHOLIQ | L16: TS | M16: A Rifqi | Q16: =B16 -> ABDUL KHOLIQ | S16: H | T16: A Rifqi | X16: =B16 -> ABDUL KHOLIQ | Z16: H | AE16: =B16 -> ABDUL KHOLIQ | AL16: =B16 -> ABDUL KHOLIQ | AS16: =COUNTIF(E16:AQ16,"H") -> 2 | AT16: =COUNTIF(E16:AQ16,"I") -> 0 | AU16: =COUNTIF(E16:AQ16,"TD") -> 0 | AV16: =COUNTIF(E16:AQ16,"S") -> 0 | AW16: =COUNTIF(E16:AQ16,"A") -> 0 | AX16: =B16 -> ABDUL KHOLIQ
A17: 11 | B17: ='DATA HAFALAN'!B14 -> IYAN FARID | C17: ='DATA HAFALAN'!C14 -> 13 | J17: =B17 -> IYAN FARID | L17: H | M17: A Rifqi | Q17: =B17 -> IYAN FARID | S17: H | T17: A Rifqi | X17: =B17 -> IYAN FARID | Z17: H | AE17: =B17 -> IYAN FARID | AL17: =B17 -> IYAN FARID | AS17: =COUNTIF(E17:AQ17,"H") -> 3 | AT17: =COUNTIF(E17:AQ17,"I") -> 0 | AU17: =COUNTIF(E17:AQ17,"TD") -> 0 | AV17: =COUNTIF(E17:AQ17,"S") -> 0 | AW17: =COUNTIF(E17:AQ17,"A") -> 0 | AX17: =B17 -> IYAN FARID
A18: 12 | B18: ='DATA HAFALAN'!B15 -> ZAENI NURIL HIKAM | C18: ='DATA HAFALAN'!C15 -> 12 | J18: =B18 -> ZAENI NURIL HIKAM | L18: H | M18: A Rifqi | Q18: =B18 -> ZAENI NURIL HIKAM | S18: S | T18: A Rifqi | X18: =B18 -> ZAENI NURIL HIKAM | Z18: TS | AE18: =B18 -> ZAENI NURIL HIKAM | AL18: =B18 -> ZAENI NURIL HIKAM | AS18: =COUNTIF(E18:AQ18,"H") -> 1 | AT18: =COUNTIF(E18:AQ18,"I") -> 0 | AU18: =COUNTIF(E18:AQ18,"TD") -> 0 | AV18: =COUNTIF(E18:AQ18,"S") -> 1 | AW18: =COUNTIF(E18:AQ18,"A") -> 0 | AX18: =B18 -> ZAENI NURIL HIKAM
A19: 13 | B19: ='DATA HAFALAN'!B16 -> LUCKY KURNIAWAN | C19: ='DATA HAFALAN'!C16 -> 12 | J19: =B19 -> LUCKY KURNIAWAN | L19: TD | M19: A Rifqi | Q19: =B19 -> LUCKY KURNIAWAN | S19: TD | T19: A Rifqi | X19: =B19 -> LUCKY KURNIAWAN | Z19: TS | AE19: =B19 -> LUCKY KURNIAWAN | AL19: =B19 -> LUCKY KURNIAWAN | AS19: =COUNTIF(E19:AQ19,"H") -> 0 | AT19: =COUNTIF(E19:AQ19,"I") -> 0 | AU19: =COUNTIF(E19:AQ19,"TD") -> 2 | AV19: =COUNTIF(E19:AQ19,"S") -> 0 | AW19: =COUNTIF(E19:AQ19,"A") -> 0 | AX19: =B19 -> LUCKY KURNIAWAN
A20: 14 | B20: ='DATA HAFALAN'!B17 -> MUHAMMAD RAFIK MUHARAM | C20: ='DATA HAFALAN'!C17 -> 12 | J20: =B20 -> MUHAMMAD RAFIK MUHARAM | L20: H | M20: A Rifqi | Q20: =B20 -> MUHAMMAD RAFIK MUHARAM | S20: TD | T20: A Rifqi | X20: =B20 -> MUHAMMAD RAFIK MUHARAM | Z20: TD | AE20: =B20 -> MUHAMMAD RAFIK MUHARAM | AL20: =B20 -> MUHAMMAD RAFIK MUHARAM | AS20: =COUNTIF(E20:AQ20,"H") -> 1 | AT20: =COUNTIF(E20:AQ20,"I") -> 0 | AU20: =COUNTIF(E20:AQ20,"TD") -> 2 | AV20: =COUNTIF(E20:AQ20,"S") -> 0 | AW20: =COUNTIF(E20:AQ20,"A") -> 0 | AX20: =B20 -> MUHAMMAD RAFIK MUHARAM
A21: 15 | B21: ='DATA HAFALAN'!B18 -> UMAR ABDUL MALIK | C21: ='DATA HAFALAN'!C18 -> 11 | J21: =B21 -> UMAR ABDUL MALIK | L21: H | M21: A Rifqi | Q21: =B21 -> UMAR ABDUL MALIK | S21: TS | T21: A Rifqi | X21: =B21 -> UMAR ABDUL MALIK | Z21: TS | AE21: =B21 -> UMAR ABDUL MALIK | AL21: =B21 -> UMAR ABDUL MALIK | AS21: =COUNTIF(E21:AQ21,"H") -> 1 | AT21: =COUNTIF(E21:AQ21,"I") -> 0 | AU21: =COUNTIF(E21:AQ21,"TD") -> 0 | AV21: =COUNTIF(E21:AQ21,"S") -> 0 | AW21: =COUNTIF(E21:AQ21,"A") -> 0 | AX21: =B21 -> UMAR ABDUL MALIK
A22: 16 | B22: ='DATA HAFALAN'!B19 -> AHMAD HAFIDZ ALHAWARI | C22: ='DATA HAFALAN'!C19 -> 10 | J22: =B22 -> AHMAD HAFIDZ ALHAWARI | L22: H | M22: A Rifqi | Q22: =B22 -> AHMAD HAFIDZ ALHAWARI | S22: H | T22: A Rifqi | X22: =B22 -> AHMAD HAFIDZ ALHAWARI | Z22: H | AE22: =B22 -> AHMAD HAFIDZ ALHAWARI | AL22: =B22 -> AHMAD HAFIDZ ALHAWARI | AS22: =COUNTIF(E22:AQ22,"H") -> 3 | AT22: =COUNTIF(E22:AQ22,"I") -> 0 | AU22: =COUNTIF(E22:AQ22,"TD") -> 0 | AV22: =COUNTIF(E22:AQ22,"S") -> 0 | AW22: =COUNTIF(E22:AQ22,"A") -> 0 | AX22: =B22 -> AHMAD HAFIDZ ALHAWARI
A23: 17 | B23: ='DATA HAFALAN'!B20 -> MUHAMMAD FAUZAN | C23: ='DATA HAFALAN'!C20 -> 10 | J23: =B23 -> MUHAMMAD FAUZAN | L23: TS | M23: A Rifqi | Q23: =B23 -> MUHAMMAD FAUZAN | S23: H | T23: A Rifqi | X23: =B23 -> MUHAMMAD FAUZAN | Z23: TS | AE23: =B23 -> MUHAMMAD FAUZAN | AL23: =B23 -> MUHAMMAD FAUZAN | AS23: =COUNTIF(E23:AQ23,"H") -> 1 | AT23: =COUNTIF(E23:AQ23,"I") -> 0 | AU23: =COUNTIF(E23:AQ23,"TD") -> 0 | AV23: =COUNTIF(E23:AQ23,"S") -> 0 | AW23: =COUNTIF(E23:AQ23,"A") -> 0 | AX23: =B23 -> MUHAMMAD FAUZAN
A24: 18 | B24: ='DATA HAFALAN'!B21 -> AKBAR RAMADAN | C24: ='DATA HAFALAN'!C21 -> 9 | J24: =B24 -> AKBAR RAMADAN | L24: TS | M24: A Rifqi | Q24: =B24 -> AKBAR RAMADAN | S24: H | T24: A Rifqi | X24: =B24 -> AKBAR RAMADAN | Z24: H | AE24: =B24 -> AKBAR RAMADAN | AL24: =B24 -> AKBAR RAMADAN | AS24: =COUNTIF(E24:AQ24,"H") -> 2 | AT24: =COUNTIF(E24:AQ24,"I") -> 0 | AU24: =COUNTIF(E24:AQ24,"TD") -> 0 | AV24: =COUNTIF(E24:AQ24,"S") -> 0 | AW24: =COUNTIF(E24:AQ24,"A") -> 0 | AX24: =B24 -> AKBAR RAMADAN
A25: 19 | B25: =#REF! -> #REF! | C25: =#REF! -> #REF! | J25: =B25 -> #REF! | L25: H | M25: A Rifqi | Q25: =B25 -> #REF! | S25: H | T25: A Rifqi | X25: =B25 -> #REF! | Z25: H | AE25: =B25 -> #REF! | AL25: =B25 -> #REF! | AS25: =COUNTIF(E25:AQ25,"H") -> 3 | AT25: =COUNTIF(E25:AQ25,"I") -> 0 | AU25: =COUNTIF(E25:AQ25,"TD") -> 0 | AV25: =COUNTIF(E25:AQ25,"S") -> 0 | AW25: =COUNTIF(E25:AQ25,"A") -> 0 | AX25: =B25 -> #REF!
A26: 20 | B26: ='DATA HAFALAN'!B22 -> ABIDZAR ALGHIFARI | C26: ='DATA HAFALAN'!C22 -> 8 | J26: =B26 -> ABIDZAR ALGHIFARI | L26: H | M26: A Rifqi | Q26: =B26 -> ABIDZAR ALGHIFARI | S26: H | T26: A Rifqi | X26: =B26 -> ABIDZAR ALGHIFARI | Z26: TS | AE26: =B26 -> ABIDZAR ALGHIFARI | AL26: =B26 -> ABIDZAR ALGHIFARI | AS26: =COUNTIF(E26:AQ26,"H") -> 2 | AT26: =COUNTIF(E26:AQ26,"I") -> 0 | AU26: =COUNTIF(E26:AQ26,"TD") -> 0 | AV26: =COUNTIF(E26:AQ26,"S") -> 0 | AW26: =COUNTIF(E26:AQ26,"A") -> 0 | AX26: =B26 -> ABIDZAR ALGHIFARI
A27: 21 | B27: ='DATA HAFALAN'!B23 -> KAFY MUHAMMAD AZIZY | C27: ='DATA HAFALAN'!C23 -> 7 | J27: =B27 -> KAFY MUHAMMAD AZIZY | L27: H | M27: A Rifqi | Q27: =B27 -> KAFY MUHAMMAD AZIZY | S27: H | T27: A Rifqi | X27: =B27 -> KAFY MUHAMMAD AZIZY | Z27: H | AE27: =B27 -> KAFY MUHAMMAD AZIZY | AL27: =B27 -> KAFY MUHAMMAD AZIZY | AS27: =COUNTIF(E27:AQ27,"H") -> 3 | AT27: =COUNTIF(E27:AQ27,"I") -> 0 | AU27: =COUNTIF(E27:AQ27,"TD") -> 0 | AV27: =COUNTIF(E27:AQ27,"S") -> 0 | AW27: =COUNTIF(E27:AQ27,"A") -> 0 | AX27: =B27 -> KAFY MUHAMMAD AZIZY
A28: 22 | B28: =#REF! -> #REF! | C28: =#REF! -> #REF! | J28: =B28 -> #REF! | L28: H | M28: A Rifqi | Q28: =B28 -> #REF! | S28: TS | T28: A Rifqi | X28: =B28 -> #REF! | Z28: TS | AE28: =B28 -> #REF! | AL28: =B28 -> #REF! | AS28: =COUNTIF(E28:AQ28,"H") -> 1 | AT28: =COUNTIF(E28:AQ28,"I") -> 0 | AU28: =COUNTIF(E28:AQ28,"TD") -> 0 | AV28: =COUNTIF(E28:AQ28,"S") -> 0 | AW28: =COUNTIF(E28:AQ28,"A") -> 0 | AX28: =B28 -> #REF!
A29: 23 | B29: ='DATA HAFALAN'!B24 -> MUHAMMAD MUNAWWAR KHOLIL | C29: ='DATA HAFALAN'!C24 -> 4 | J29: =B29 -> MUHAMMAD MUNAWWAR KHOLIL | L29: H | M29: A Rifqi | Q29: =B29 -> MUHAMMAD MUNAWWAR KHOLIL | S29: H | T29: A Rifqi | X29: =B29 -> MUHAMMAD MUNAWWAR KHOLIL | Z29: H | AE29: =B29 -> MUHAMMAD MUNAWWAR KHOLIL | AL29: =B29 -> MUHAMMAD MUNAWWAR KHOLIL | AS29: =COUNTIF(E29:AQ29,"H") -> 3 | AT29: =COUNTIF(E29:AQ29,"I") -> 0 | AU29: =COUNTIF(E29:AQ29,"TD") -> 0 | AV29: =COUNTIF(E29:AQ29,"S") -> 0 | AW29: =COUNTIF(E29:AQ29,"A") -> 0 | AX29: =B29 -> MUHAMMAD MUNAWWAR KHOLIL
A30: 24 | B30: ='DATA HAFALAN'!B25 -> ALWI | C30: ='DATA HAFALAN'!C25 -> 3 | J30: =B30 -> ALWI | Q30: =B30 -> ALWI | X30: =B30 -> ALWI | AE30: =B30 -> ALWI | AL30: =B30 -> ALWI | AS30: =COUNTIF(E30:AQ30,"H") -> 0 | AT30: =COUNTIF(E30:AQ30,"I") -> 0 | AU30: =COUNTIF(E30:AQ30,"TD") -> 0 | AV30: =COUNTIF(E30:AQ30,"S") -> 0 | AW30: =COUNTIF(E30:AQ30,"A") -> 0 | AX30: =B30 -> ALWI
A31: 25 | B31: ='DATA HAFALAN'!B26 -> PIRMAN | C31: ='DATA HAFALAN'!C26 -> 1 | J31: =B31 -> PIRMAN | Q31: =B31 -> PIRMAN | X31: =B31 -> PIRMAN | AE31: =B31 -> PIRMAN | AL31: =B31 -> PIRMAN | AS31: =COUNTIF(E31:AQ31,"H") -> 0 | AT31: =COUNTIF(E31:AQ31,"I") -> 0 | AU31: =COUNTIF(E31:AQ31,"TD") -> 0 | AV31: =COUNTIF(E31:AQ31,"S") -> 0 | AW31: =COUNTIF(E31:AQ31,"A") -> 0 | AX31: =B31 -> PIRMAN
A32: 26 | B32: ='DATA HAFALAN'!B27 -> MUHAMMAD DENMAR NABAWI | C32: ='DATA HAFALAN'!C27 -> 1 | J32: =B32 -> MUHAMMAD DENMAR NABAWI | Q32: =B32 -> MUHAMMAD DENMAR NABAWI | X32: =B32 -> MUHAMMAD DENMAR NABAWI | AE32: =B32 -> MUHAMMAD DENMAR NABAWI | AL32: =B32 -> MUHAMMAD DENMAR NABAWI | AS32: =COUNTIF(E32:AQ32,"H") -> 0 | AT32: =COUNTIF(E32:AQ32,"I") -> 0 | AU32: =COUNTIF(E32:AQ32,"TD") -> 0 | AV32: =COUNTIF(E32:AQ32,"S") -> 0 | AW32: =COUNTIF(E32:AQ32,"A") -> 0 | AX32: =B32 -> MUHAMMAD DENMAR NABAWI
A33: 27 | B33: =#REF! -> #REF! | C33: =#REF! -> #REF! | J33: =B33 -> #REF! | Q33: =B33 -> #REF! | X33: =B33 -> #REF! | AE33: =B33 -> #REF! | AL33: =B33 -> #REF! | AS33: =COUNTIF(E33:AQ33,"H") -> 0 | AT33: =COUNTIF(E33:AQ33,"I") -> 0 | AU33: =COUNTIF(E33:AQ33,"TD") -> 0 | AV33: =COUNTIF(E33:AQ33,"S") -> 0 | AW33: =COUNTIF(E33:AQ33,"A") -> 0 | AX33: =B33 -> #REF!
A34: 28 | B34: =#REF! -> #REF! | C34: =#REF! -> #REF! | J34: =B34 -> #REF! | Q34: =B34 -> #REF! | X34: =B34 -> #REF! | AE34: =B34 -> #REF! | AL34: =B34 -> #REF! | AS34: =COUNTIF(E34:AQ34,"H") -> 0 | AT34: =COUNTIF(E34:AQ34,"I") -> 0 | AU34: =COUNTIF(E34:AQ34,"TD") -> 0 | AV34: =COUNTIF(E34:AQ34,"S") -> 0 | AW34: =COUNTIF(E34:AQ34,"A") -> 0 | AX34: =B34 -> #REF!
A35: ABSENSI SETORAN
A38: MINGGU KE 2
A39: NO | B39: NAMA | D39: SABTU 9 | K39: AHAD 10 | R39: SENIN 11 | Y39: SELASA 12 | AF39: RABU 13 | AM39: KAMIS 14 | AS39: JUMLAH
C40: JUMLAH HAFALAN | D40: SHUBUH | F40: Penyimak | G40: PAGI | I40: Penyimak | K40: SHUBUH | M40: Penyimak | N40: PAGI | P40: Penyimak | R40: SHUBUH | T40: Penyimak | U40: SIANG | W40: Penyimak | Y40: PAGI | AA40: Penyimak | AB40: SIANG | AD40: Penyimak | AF40: SHUBUH | AH40: Penyimak | AI40: PAGI | AK40: Penyimak | AM40: SHUBUH | AO40: Penyimak | AP40: PAGI | AR40: Penyimak | AS40: Hadir | AT40: Izin | AU40: Tidur | AV40: Sakit | AW40: Alpha
A41: 1 | B41: =B7 -> AYI KOSIM HATIMI | C41: =C7 -> 30 | E41: H | F41: A Rifqi | H41: H | J41: =B41 -> AYI KOSIM HATIMI | Q41: =B41 -> AYI KOSIM HATIMI | R41: juz 13 ¼ | S41: H | T41: A Rifqi | X41: =B41 -> AYI KOSIM HATIMI | AE41: =B41 -> AYI KOSIM HATIMI | AG41: TD | AI41: فلما أن جاء البشير | AJ41: H | AK41: A Rifqi | AL41: =B41 -> AYI KOSIM HATIMI | AN41: TS | AQ41: TD | AS41: =COUNTIF(E41:AQ41,"H") -> 4 | AT41: =COUNTIF(E41:AQ41,"I") -> 0 | AU41: =COUNTIF(E41:AQ41,"TD") -> 2 | AV41: =COUNTIF(E41:AQ41,"S") -> 0 | AW41: =COUNTIF(E41:AQ41,"A") -> 0 | AX41: =B41 -> AYI KOSIM HATIMI
A42: 2 | B42: =B8 -> ABRURRAHMAN AFANDI | C42: =C8 -> 30 | E42: P | H42: P | J42: =B42 -> ABRURRAHMAN AFANDI | Q42: =B42 -> ABRURRAHMAN AFANDI | S42: P | X42: =B42 -> ABRURRAHMAN AFANDI | AE42: =B42 -> ABRURRAHMAN AFANDI | AG42: P | AJ42: P | AL42: =B42 -> ABRURRAHMAN AFANDI | AN42: P | AQ42: P | AS42: =COUNTIF(E42:AQ42,"H") -> 0 | AT42: =COUNTIF(E42:AQ42,"I") -> 0 | AU42: =COUNTIF(E42:AQ42,"TD") -> 0 | AV42: =COUNTIF(E42:AQ42,"S") -> 0 | AW42: =COUNTIF(E42:AQ42,"A") -> 0 | AX42: =B42 -> ABRURRAHMAN AFANDI
A43: 3 | B43: =B9 -> CECEP ABDULATIF | C43: =C9 -> 30 | E43: H | F43: A Rifqi | H43: H | J43: =B43 -> CECEP ABDULATIF | Q43: =B43 -> CECEP ABDULATIF | R43: فإذا جآءتهم الحسنة قالوا لنا هذه | S43: H | T43: A Rifqi | X43: =B43 -> CECEP ABDULATIF | AE43: =B43 -> CECEP ABDULATIF | AG43: TD | AJ43: TD | AL43: =B43 -> CECEP ABDULATIF | AN43: TD | AQ43: TD | AS43: =COUNTIF(E43:AQ43,"H") -> 3 | AT43: =COUNTIF(E43:AQ43,"I") -> 0 | AU43: =COUNTIF(E43:AQ43,"TD") -> 4 | AV43: =COUNTIF(E43:AQ43,"S") -> 0 | AW43: =COUNTIF(E43:AQ43,"A") -> 0 | AX43: =B43 -> CECEP ABDULATIF
A44: 4 | B44: =B10 -> DONI SUPRIATNA | C44: =C10 -> 30 | E44: H | F44: A Rifqi | H44: H | J44: =B44 -> DONI SUPRIATNA | Q44: =B44 -> DONI SUPRIATNA | S44: TS | X44: =B44 -> DONI SUPRIATNA | AE44: =B44 -> DONI SUPRIATNA | AG44: TD | AJ44: H | AL44: =B44 -> DONI SUPRIATNA | AN44: TS | AQ44: TD | AS44: =COUNTIF(E44:AQ44,"H") -> 3 | AT44: =COUNTIF(E44:AQ44,"I") -> 0 | AU44: =COUNTIF(E44:AQ44,"TD") -> 2 | AV44: =COUNTIF(E44:AQ44,"S") -> 0 | AW44: =COUNTIF(E44:AQ44,"A") -> 0 | AX44: =B44 -> DONI SUPRIATNA
A45: 5 | B45: =B11 -> #REF! | C45: =C11 -> #REF! | E45: H | F45: A Rifqi | G45: الرعد | H45: H | J45: =B45 -> #REF! | N45: juz 13 | O45: H | P45: A Rifqi | Q45: =B45 -> #REF! | S45: TS | X45: =B45 -> #REF! | AE45: =B45 -> #REF! | AG45: TS | AI45: أفمن يعلم أنما أنزل إليك من ربك بالحق | AJ45: H | AK45: A Rifqi | AL45: =B45 -> #REF! | AN45: TS | AQ45: A | AS45: =COUNTIF(E45:AQ45,"H") -> 4 | AT45: =COUNTIF(E45:AQ45,"I") -> 0 | AU45: =COUNTIF(E45:AQ45,"TD") -> 0 | AV45: =COUNTIF(E45:AQ45,"S") -> 0 | AW45: =COUNTIF(E45:AQ45,"A") -> 1 | AX45: =B45 -> #REF!
A46: 6 | B46: =B12 -> ZAKY AZHARI | C46: =C12 -> 30 | E46: H | F46: A Rifqi | G46: juz 5 ¼juz | H46: H | J46: =B46 -> ZAKY AZHARI | Q46: =B46 -> ZAKY AZHARI | S46: A | X46: =B46 -> ZAKY AZHARI | AE46: =B46 -> ZAKY AZHARI | AG46: TD | AL46: =B46 -> ZAKY AZHARI | AN46: I | AQ46: I | AS46: =COUNTIF(E46:AQ46,"H") -> 2 | AT46: =COUNTIF(E46:AQ46,"I") -> 2 | AU46: =COUNTIF(E46:AQ46,"TD") -> 1 | AV46: =COUNTIF(E46:AQ46,"S") -> 0 | AW46: =COUNTIF(E46:AQ46,"A") -> 1 | AX46: =B46 -> ZAKY AZHARI
A47: 7 | B47: =B13 -> MUHAMMAD FAUZIL ADZIM | C47: =C13 -> 30 | H47: H | J47: =B47 -> MUHAMMAD FAUZIL ADZIM | Q47: =B47 -> MUHAMMAD FAUZIL ADZIM | S47: TS | X47: =B47 -> MUHAMMAD FAUZIL ADZIM | AE47: =B47 -> MUHAMMAD FAUZIL ADZIM | AJ47: H | AL47: =B47 -> MUHAMMAD FAUZIL ADZIM | AM47: جز ١٦ ½ | AN47: H | AO47: A Rifqi | AP47: جز ١٦ ½ | AQ47: H | AR47: A Rifqi | AS47: =COUNTIF(E47:AQ47,"H") -> 4 | AT47: =COUNTIF(E47:AQ47,"I") -> 0 | AU47: =COUNTIF(E47:AQ47,"TD") -> 0 | AV47: =COUNTIF(E47:AQ47,"S") -> 0 | AW47: =COUNTIF(E47:AQ47,"A") -> 0 | AX47: =B47 -> MUHAMMAD FAUZIL ADZIM
A48: 8 | B48: =B14 -> MUHAMMAD DZIKRI HUSAENI | C48: =C14 -> 18 | E48: H | F48: A Rifqi | G48: juz 7 ¹juz | H48: H | I48: A Rifqi | J48: =B48 -> MUHAMMAD DZIKRI HUSAENI | O48: H | Q48: =B48 -> MUHAMMAD DZIKRI HUSAENI | R48: فمن يرد الله | S48: TS | T48: A Rifqi | X48: =B48 -> MUHAMMAD DZIKRI HUSAENI | AE48: =B48 -> MUHAMMAD DZIKRI HUSAENI | AF48: وقالوا هذه أنعام وحرث حجر | AG48: H | AH48: A Rifqi | AL48: =B48 -> MUHAMMAD DZIKRI HUSAENI | AN48: TD | AP48: جز ٨ ⁴ | AQ48: H | AR48: A Rifqi | AS48: =COUNTIF(E48:AQ48,"H") -> 5 | AT48: =COUNTIF(E48:AQ48,"I") -> 0 | AU48: =COUNTIF(E48:AQ48,"TD") -> 1 | AV48: =COUNTIF(E48:AQ48,"S") -> 0 | AW48: =COUNTIF(E48:AQ48,"A") -> 0 | AX48: =B48 -> MUHAMMAD DZIKRI HUSAENI
A49: 9 | B49: =B15 -> #REF! | C49: =C15 -> #REF! | E49: P | H49: P | J49: =B49 -> #REF! | O49: A | Q49: =B49 -> #REF! | R49: وقطعنهم اثنتي عشرة أسباطا أمما | S49: H | T49: A Rifqi | X49: =B49 -> #REF! | AE49: =B49 -> #REF! | AG49: TD | AI49: juz 9 1½hal | AJ49: H | AK49: A Rifqi | AL49: =B49 -> #REF! | AN49: TD | AP49: جز ٩ | AQ49: H | AR49: A Rifqi | AS49: =COUNTIF(E49:AQ49,"H") -> 3 | AT49: =COUNTIF(E49:AQ49,"I") -> 0 | AU49: =COUNTIF(E49:AQ49,"TD") -> 2 | AV49: =COUNTIF(E49:AQ49,"S") -> 0 | AW49: =COUNTIF(E49:AQ49,"A") -> 1 | AX49: =B49 -> #REF!
A50: 10 | B50: =B16 -> ABDUL KHOLIQ | C50: =C16 -> 14 | D50: ثمنية أزواج | E50: H | F50: A Rifqi | H50: H | J50: =B50 -> ABDUL KHOLIQ | O50: H | Q50: =B50 -> ABDUL KHOLIQ | R50: الأعراف ¼ | S50: H | T50: A Rifqi | X50: =B50 -> ABDUL KHOLIQ | AE50: =B50 -> ABDUL KHOLIQ | AF50: جز ٨ ¼ | AG50: H | AH50: A Rifqi | AJ50: H | AL50: =B50 -> ABDUL KHOLIQ | AN50: TD | AP50: juz 8 ½ | AQ50: H | AR50: A Rifqi | AS50: =COUNTIF(E50:AQ50,"H") -> 7 | AT50: =COUNTIF(E50:AQ50,"I") -> 0 | AU50: =COUNTIF(E50:AQ50,"TD") -> 1 | AV50: =COUNTIF(E50:AQ50,"S") -> 0 | AW50: =COUNTIF(E50:AQ50,"A") -> 0 | AX50: =B50 -> ABDUL KHOLIQ
A51: 11 | B51: =B17 -> IYAN FARID | C51: =C17 -> 13 | E51: TS | H51: H | J51: =B51 -> IYAN FARID | O51: H | Q51: =B51 -> IYAN FARID | S51: TS | X51: =B51 -> IYAN FARID | AE51: =B51 -> IYAN FARID | AF51: فإذا جآءتهم الحسنة قالوا لنا هذه🔄 | AG51: H | AH51: A Rifqi | AJ51: I | AL51: =B51 -> IYAN FARID | AN51: P | AQ51: P | AS51: =COUNTIF(E51:AQ51,"H") -> 3 | AT51: =COUNTIF(E51:AQ51,"I") -> 1 | AU51: =COUNTIF(E51:AQ51,"TD") -> 0 | AV51: =COUNTIF(E51:AQ51,"S") -> 0 | AW51: =COUNTIF(E51:AQ51,"A") -> 0 | AX51: =B51 -> IYAN FARID
A52: 12 | B52: =B18 -> ZAENI NURIL HIKAM | C52: =C18 -> 12 | D52: 🔄 | E52: H | F52: A Rifqi | H52: H | J52: =B52 -> ZAENI NURIL HIKAM | Q52: =B52 -> ZAENI NURIL HIKAM | S52: TS | X52: =B52 -> ZAENI NURIL HIKAM | AE52: =B52 -> ZAENI NURIL HIKAM | AG52: TD | AJ52: H | AL52: =B52 -> ZAENI NURIL HIKAM | AN52: TD | AP52: جز ٧ | AQ52: H | AR52: A Rifqi | AS52: =COUNTIF(E52:AQ52,"H") -> 4 | AT52: =COUNTIF(E52:AQ52,"I") -> 0 | AU52: =COUNTIF(E52:AQ52,"TD") -> 2 | AV52: =COUNTIF(E52:AQ52,"S") -> 0 | AW52: =COUNTIF(E52:AQ52,"A") -> 0 | AX52: =B52 -> ZAENI NURIL HIKAM
A53: 13 | B53: =B19 -> LUCKY KURNIAWAN | C53: =C19 -> 12 | E53: TD | G53: قل أي شيئ أكبر شهادة | H53: H | J53: =B53 -> LUCKY KURNIAWAN | N53: juz 7 | O53: H | P53: A Rifqi | Q53: =B53 -> LUCKY KURNIAWAN | S53: TD | X53: =B53 -> LUCKY KURNIAWAN | AE53: =B53 -> LUCKY KURNIAWAN | AG53: TD | AJ53: TD | AL53: =B53 -> LUCKY KURNIAWAN | AN53: TD | AQ53: TD | AS53: =COUNTIF(E53:AQ53,"H") -> 2 | AT53: =COUNTIF(E53:AQ53,"I") -> 0 | AU53: =COUNTIF(E53:AQ53,"TD") -> 6 | AV53: =COUNTIF(E53:AQ53,"S") -> 0 | AW53: =COUNTIF(E53:AQ53,"A") -> 0 | AX53: =B53 -> LUCKY KURNIAWAN
A54: 14 | B54: =B20 -> MUHAMMAD RAFIK MUHARAM | C54: =C20 -> 12 | E54: TD | J54: =B54 -> MUHAMMAD RAFIK MUHARAM | O54: TD | Q54: =B54 -> MUHAMMAD RAFIK MUHARAM | R54: ثمنية أزواج | S54: H | T54: A Rifqi | X54: =B54 -> MUHAMMAD RAFIK MUHARAM | AE54: =B54 -> MUHAMMAD RAFIK MUHARAM | AG54: TD | AJ54: H | AL54: =B54 -> MUHAMMAD RAFIK MUHARAM | AN54: TD | AQ54: TD | AS54: =COUNTIF(E54:AQ54,"H") -> 2 | AT54: =COUNTIF(E54:AQ54,"I") -> 0 | AU54: =COUNTIF(E54:AQ54,"TD") -> 5 | AV54: =COUNTIF(E54:AQ54,"S") -> 0 | AW54: =COUNTIF(E54:AQ54,"A") -> 0 | AX54: =B54 -> MUHAMMAD RAFIK MUHARAM
A55: 15 | B55: =B21 -> UMAR ABDUL MALIK | C55: =C21 -> 11 | E55: H | F55: A Rifqi | J55: =B55 -> UMAR ABDUL MALIK | O55: A | Q55: =B55 -> UMAR ABDUL MALIK | R55: يايها الذين امنوا كونوا قوامين | S55: H | T55: A Rifqi | X55: =B55 -> UMAR ABDUL MALIK | AE55: =B55 -> UMAR ABDUL MALIK | AG55: TD | AJ55: H | AL55: =B55 -> UMAR ABDUL MALIK | AN55: TD | AQ55: A | AS55: =COUNTIF(E55:AQ55,"H") -> 3 | AT55: =COUNTIF(E55:AQ55,"I") -> 0 | AU55: =COUNTIF(E55:AQ55,"TD") -> 2 | AV55: =COUNTIF(E55:AQ55,"S") -> 0 | AW55: =COUNTIF(E55:AQ55,"A") -> 2 | AX55: =B55 -> UMAR ABDUL MALIK
A56: 16 | B56: =B22 -> AHMAD HAFIDZ ALHAWARI | C56: =C22 -> 10 | E56: H | F56: A Rifqi | H56: H | J56: =B56 -> AHMAD HAFIDZ ALHAWARI | N56: juz 1 ½ | O56: H | P56: A Rifqi | Q56: =B56 -> AHMAD HAFIDZ ALHAWARI | R56: قل إن كانت لكم الدار الآخرة | S56: H | T56: A Rifqi | X56: =B56 -> AHMAD HAFIDZ ALHAWARI | AE56: =B56 -> AHMAD HAFIDZ ALHAWARI | AF56: واتبعوا ما تتلوا الشياطين | AG56: H | AH56: A Rifqi | AJ56: H | AL56: =B56 -> AHMAD HAFIDZ ALHAWARI | AM56: ما ننسخ من آية | AN56: H | AO56: A Rifqi | AQ56: H | AS56: =COUNTIF(E56:AQ56,"H") -> 8 | AT56: =COUNTIF(E56:AQ56,"I") -> 0 | AU56: =COUNTIF(E56:AQ56,"TD") -> 0 | AV56: =COUNTIF(E56:AQ56,"S") -> 0 | AW56: =COUNTIF(E56:AQ56,"A") -> 0 | AX56: =B56 -> AHMAD HAFIDZ ALHAWARI
A57: 17 | B57: =B23 -> MUHAMMAD FAUZAN | C57: =C23 -> 10 | G57: juz 2 ½juz | H57: H | I57: A Rifqi | J57: =B57 -> MUHAMMAD FAUZAN | N57: juz 2 🔄 | O57: H | P57: A Rifqi | Q57: =B57 -> MUHAMMAD FAUZAN | S57: TS | X57: =B57 -> MUHAMMAD FAUZAN | AE57: =B57 -> MUHAMMAD FAUZAN | AG57: TS | AJ57: H | AL57: =B57 -> MUHAMMAD FAUZAN | AN57: TS | AP57: juz 2 ¹juz | AQ57: H | AR57: A Rifqi | AS57: =COUNTIF(E57:AQ57,"H") -> 4 | AT57: =COUNTIF(E57:AQ57,"I") -> 0 | AU57: =COUNTIF(E57:AQ57,"TD") -> 0 | AV57: =COUNTIF(E57:AQ57,"S") -> 0 | AW57: =COUNTIF(E57:AQ57,"A") -> 0 | AX57: =B57 -> MUHAMMAD FAUZAN
A58: 18 | B58: =B24 -> AKBAR RAMADAN | C58: =C24 -> 9 | E58: H | F58: A Rifqi | H58: H | J58: =B58 -> AKBAR RAMADAN | O58: H | Q58: =B58 -> AKBAR RAMADAN | R58: فمن خاف من موص جنفا | S58: H | T58: A Rifqi | X58: =B58 -> AKBAR RAMADAN | AE58: =B58 -> AKBAR RAMADAN | AF58: أحل لكم ليلة الصيام | AG58: H | AH58: A Rifqi | AJ58: H | AL58: =B58 -> AKBAR RAMADAN | AN58: S | AQ58: S | AS58: =COUNTIF(E58:AQ58,"H") -> 6 | AT58: =COUNTIF(E58:AQ58,"I") -> 0 | AU58: =COUNTIF(E58:AQ58,"TD") -> 0 | AV58: =COUNTIF(E58:AQ58,"S") -> 2 | AW58: =COUNTIF(E58:AQ58,"A") -> 0 | AX58: =B58 -> AKBAR RAMADAN
A59: 19 | B59: =B25 -> #REF! | C59: =C25 -> #REF! | D59: 🔄 | E59: H | F59: A Rifqi | H59: H | J59: =B59 -> #REF! | O59: H | Q59: =B59 -> #REF! | R59: وإذ قال ربك للملائكة | S59: H | T59: A Rifqi | X59: =B59 -> #REF! | AE59: =B59 -> #REF! | AF59: قلنا اهبطوا منها جميعا | AG59: H | AH59: A Rifqi | AJ59: H | AL59: =B59 -> #REF! | AN59: TD | AQ59: TD | AS59: =COUNTIF(E59:AQ59,"H") -> 6 | AT59: =COUNTIF(E59:AQ59,"I") -> 0 | AU59: =COUNTIF(E59:AQ59,"TD") -> 2 | AV59: =COUNTIF(E59:AQ59,"S") -> 0 | AW59: =COUNTIF(E59:AQ59,"A") -> 0 | AX59: =B59 -> #REF!
A60: 20 | B60: =B26 -> ABIDZAR ALGHIFARI | C60: =C26 -> 8 | E60: H | F60: A Rifqi | H60: H | J60: =B60 -> ABIDZAR ALGHIFARI | O60: H | Q60: =B60 -> ABIDZAR ALGHIFARI | R60: أسكنوهنّ من حيث سكنتم | S60: H | T60: A Rifqi | X60: =B60 -> ABIDZAR ALGHIFARI | AE60: =B60 -> ABIDZAR ALGHIFARI | AF60: فذاقت وبال أمرها | AG60: H | AH60: A Rifqi | AJ60: H | AL60: =B60 -> ABIDZAR ALGHIFARI | AM60: الطلاق | AN60: H | AO60: A Rifqi | AQ60: H | AS60: =COUNTIF(E60:AQ60,"H") -> 8 | AT60: =COUNTIF(E60:AQ60,"I") -> 0 | AU60: =COUNTIF(E60:AQ60,"TD") -> 0 | AV60: =COUNTIF(E60:AQ60,"S") -> 0 | AW60: =COUNTIF(E60:AQ60,"A") -> 0 | AX60: =B60 -> ABIDZAR ALGHIFARI
A61: 21 | B61: =B27 -> KAFY MUHAMMAD AZIZY | C61: =C27 -> 7 | E61: H | F61: A Rifqi | H61: H | J61: =B61 -> KAFY MUHAMMAD AZIZY | O61: H | Q61: =B61 -> KAFY MUHAMMAD AZIZY | R61: المدّثّر | S61: H | T61: A Rifqi | X61: =B61 -> KAFY MUHAMMAD AZIZY | AE61: =B61 -> KAFY MUHAMMAD AZIZY | AG61: TS | AJ61: H | AL61: =B61 -> KAFY MUHAMMAD AZIZY | AN61: TS | AQ61: TD | AS61: =COUNTIF(E61:AQ61,"H") -> 5 | AT61: =COUNTIF(E61:AQ61,"I") -> 0 | AU61: =COUNTIF(E61:AQ61,"TD") -> 1 | AV61: =COUNTIF(E61:AQ61,"S") -> 0 | AW61: =COUNTIF(E61:AQ61,"A") -> 0 | AX61: =B61 -> KAFY MUHAMMAD AZIZY
A62: 22 | B62: =B28 -> #REF! | C62: =C28 -> #REF! | D62: 🔄 | E62: H | F62: A Rifqi | H62: H | J62: =B62 -> #REF! | O62: H | Q62: =B62 -> #REF! | S62: H | X62: =B62 -> #REF! | AE62: =B62 -> #REF! | AF62: الإنشقاق | AG62: H | AH62: A Rifqi | AJ62: H | AL62: =B62 -> #REF! | AN62: TD | AQ62: H | AS62: =COUNTIF(E62:AQ62,"H") -> 7 | AT62: =COUNTIF(E62:AQ62,"I") -> 0 | AU62: =COUNTIF(E62:AQ62,"TD") -> 1 | AV62: =COUNTIF(E62:AQ62,"S") -> 0 | AW62: =COUNTIF(E62:AQ62,"A") -> 0 | AX62: =B62 -> #REF!
A63: 23 | B63: =B29 -> MUHAMMAD MUNAWWAR KHOLIL | C63: =C29 -> 4 | E63: H | F63: A Rifqi | H63: H | J63: =B63 -> MUHAMMAD MUNAWWAR KHOLIL | O63: H | Q63: =B63 -> MUHAMMAD MUNAWWAR KHOLIL | R63: الإخلاص+المسد | S63: H | X63: =B63 -> MUHAMMAD MUNAWWAR KHOLIL | AE63: =B63 -> MUHAMMAD MUNAWWAR KHOLIL | AG63: H | AJ63: H | AL63: =B63 -> MUHAMMAD MUNAWWAR KHOLIL | AM63: الكافرون | AN63: H | AO63: A Rifqi | AQ63: H | AS63: =COUNTIF(E63:AQ63,"H") -> 8 | AT63: =COUNTIF(E63:AQ63,"I") -> 0 | AU63: =COUNTIF(E63:AQ63,"TD") -> 0 | AV63: =COUNTIF(E63:AQ63,"S") -> 0 | AW63: =COUNTIF(E63:AQ63,"A") -> 0 | AX63: =B63 -> MUHAMMAD MUNAWWAR KHOLIL
A64: 24 | B64: =B30 -> ALWI | C64: =C30 -> 3 | J64: =B64 -> ALWI | Q64: =B64 -> ALWI | X64: =B64 -> ALWI | AE64: =B64 -> ALWI | AL64: =B64 -> ALWI | AS64: =COUNTIF(E64:AQ64,"H") -> 0 | AT64: =COUNTIF(E64:AQ64,"I") -> 0 | AU64: =COUNTIF(E64:AQ64,"TD") -> 0 | AV64: =COUNTIF(E64:AQ64,"S") -> 0 | AW64: =COUNTIF(E64:AQ64,"A") -> 0 | AX64: =B64 -> ALWI
A65: 25 | B65: =B31 -> PIRMAN | C65: =C31 -> 1 | J65: =B65 -> PIRMAN | Q65: =B65 -> PIRMAN | X65: =B65 -> PIRMAN | AE65: =B65 -> PIRMAN | AL65: =B65 -> PIRMAN | AS65: =COUNTIF(E65:AQ65,"H") -> 0 | AT65: =COUNTIF(E65:AQ65,"I") -> 0 | AU65: =COUNTIF(E65:AQ65,"TD") -> 0 | AV65: =COUNTIF(E65:AQ65,"S") -> 0 | AW65: =COUNTIF(E65:AQ65,"A") -> 0 | AX65: =B65 -> PIRMAN
A66: 26 | B66: =B32 -> MUHAMMAD DENMAR NABAWI | C66: =C32 -> 1 | J66: =B66 -> MUHAMMAD DENMAR NABAWI | Q66: =B66 -> MUHAMMAD DENMAR NABAWI | X66: =B66 -> MUHAMMAD DENMAR NABAWI | AE66: =B66 -> MUHAMMAD DENMAR NABAWI | AL66: =B66 -> MUHAMMAD DENMAR NABAWI | AS66: =COUNTIF(E66:AQ66,"H") -> 0 | AT66: =COUNTIF(E66:AQ66,"I") -> 0 | AU66: =COUNTIF(E66:AQ66,"TD") -> 0 | AV66: =COUNTIF(E66:AQ66,"S") -> 0 | AW66: =COUNTIF(E66:AQ66,"A") -> 0 | AX66: =B66 -> MUHAMMAD DENMAR NABAWI
A67: 27 | B67: =B33 -> #REF! | C67: =C33 -> #REF! | J67: =B67 -> #REF! | Q67: =B67 -> #REF! | X67: =B67 -> #REF! | AE67: =B67 -> #REF! | AL67: =B67 -> #REF! | AS67: =COUNTIF(E67:AQ67,"H") -> 0 | AT67: =COUNTIF(E67:AQ67,"I") -> 0 | AU67: =COUNTIF(E67:AQ67,"TD") -> 0 | AV67: =COUNTIF(E67:AQ67,"S") -> 0 | AW67: =COUNTIF(E67:AQ67,"A") -> 0 | AX67: =B67 -> #REF!
A68: 28 | B68: =B34 -> #REF! | C68: =C34 -> #REF! | J68: =B68 -> #REF! | Q68: =B68 -> #REF! | X68: =B68 -> #REF! | AE68: =B68 -> #REF! | AL68: =B68 -> #REF! | AS68: =COUNTIF(E68:AQ68,"H") -> 0 | AT68: =COUNTIF(E68:AQ68,"I") -> 0 | AU68: =COUNTIF(E68:AQ68,"TD") -> 0 | AV68: =COUNTIF(E68:AQ68,"S") -> 0 | AW68: =COUNTIF(E68:AQ68,"A") -> 0 | AX68: =B68 -> #REF!
A69: ABSENSI SETORAN
A72: MINGGU KE 3
A73: NO | B73: NAMA | D73: SABTU 16 | K73: AHAD 17 | R73: SENIN 18 | Y73: SELASA 19 | AF73: RABU 20 | AM73: KAMIS 21 | AS73: JUMLAH
C74: JUMLAH HAFALAN | D74: SHUBUH | F74: Penyimak | G74: PAGI | I74: Penyimak | K74: SHUBUH | M74: Penyimak | N74: SIANG | P74: Penyimak | R74: PAGI | T74: Penyimak | U74: PAGI | W74: Penyimak | Y74: SHUBUH | AA74: Penyimak | AB74: PAGI | AD74: Penyimak | AF74: SHUBUH | AH74: Penyimak | AI74: PAGI | AK74: Penyimak | AM74: PAGI | AO74: Penyimak | AP74: SIANG | AR74: Penyimak | AS74: Hadir | AT74: Izin | AU74: Tidur | AV74: Sakit | AW74: Alpha
A75: 1 | B75: =B7 -> AYI KOSIM HATIMI | C75: =C7 -> 30 | D75: ومآ أبرّئ نفسي ½ | E75: H | F75: A Rifqi | J75: =B75 -> AYI KOSIM HATIMI | Q75: =B75 -> AYI KOSIM HATIMI | S75: TS | U75: أفمن يعلم أنما أنزل إليك من ربك الحق | V75: H | W75: A Rifqi | X75: =B75 -> AYI KOSIM HATIMI | Z75: TS | AB75: إبراهيم ¹لمبار | AC75: H | AD75: A Rifqi | AE75: =B75 -> AYI KOSIM HATIMI | AG75: TS | AL75: =B75 -> AYI KOSIM HATIMI | AS75: =COUNTIF(E75:AQ75,"H") -> 3 | AT75: =COUNTIF(E75:AQ75,"I") -> 0 | AU75: =COUNTIF(E75:AQ75,"TD") -> 0 | AV75: =COUNTIF(E75:AQ75,"S") -> 0 | AW75: =COUNTIF(E75:AQ75,"A") -> 0 | AX75: =B75 -> AYI KOSIM HATIMI
A76: 2 | B76: =B8 -> ABRURRAHMAN AFANDI | C76: =C8 -> 30 | E76: P | J76: =B76 -> ABRURRAHMAN AFANDI | L76: P | Q76: =B76 -> ABRURRAHMAN AFANDI | S76: P | V76: P | X76: =B76 -> ABRURRAHMAN AFANDI | Z76: TD | AC76: TD | AE76: =B76 -> ABRURRAHMAN AFANDI | AG76: TD | AL76: =B76 -> ABRURRAHMAN AFANDI | AS76: =COUNTIF(E76:AQ76,"H") -> 0 | AT76: =COUNTIF(E76:AQ76,"I") -> 0 | AU76: =COUNTIF(E76:AQ76,"TD") -> 3 | AV76: =COUNTIF(E76:AQ76,"S") -> 0 | AW76: =COUNTIF(E76:AQ76,"A") -> 0 | AX76: =B76 -> ABRURRAHMAN AFANDI
A77: 3 | B77: =B9 -> CECEP ABDULATIF | C77: =C9 -> 30 | E77: TS | J77: =B77 -> CECEP ABDULATIF | Q77: =B77 -> CECEP ABDULATIF | S77: TD | X77: =B77 -> CECEP ABDULATIF | Z77: TS | AE77: =B77 -> CECEP ABDULATIF | AF77: واكتب لنا | AG77: H | AH77: A Rifqi | AL77: =B77 -> CECEP ABDULATIF | AS77: =COUNTIF(E77:AQ77,"H") -> 1 | AT77: =COUNTIF(E77:AQ77,"I") -> 0 | AU77: =COUNTIF(E77:AQ77,"TD") -> 1 | AV77: =COUNTIF(E77:AQ77,"S") -> 0 | AW77: =COUNTIF(E77:AQ77,"A") -> 0 | AX77: =B77 -> CECEP ABDULATIF
A78: 4 | B78: =B10 -> DONI SUPRIATNA | C78: =C10 -> 30 | E78: P | J78: =B78 -> DONI SUPRIATNA | L78: P | Q78: =B78 -> DONI SUPRIATNA | S78: P | V78: P | X78: =B78 -> DONI SUPRIATNA | Z78: P | AC78: P | AE78: =B78 -> DONI SUPRIATNA | AG78: P | AL78: =B78 -> DONI SUPRIATNA | AS78: =COUNTIF(E78:AQ78,"H") -> 0 | AT78: =COUNTIF(E78:AQ78,"I") -> 0 | AU78: =COUNTIF(E78:AQ78,"TD") -> 0 | AV78: =COUNTIF(E78:AQ78,"S") -> 0 | AW78: =COUNTIF(E78:AQ78,"A") -> 0 | AX78: =B78 -> DONI SUPRIATNA
A79: 5 | B79: =B11 -> #REF! | C79: =C11 -> #REF! | D79: قالت لهم رسلهم إن نحن إلا بشر | E79: H | F79: A Rifqi | J79: =B79 -> #REF! | K79: قالت لهم رسلهم إن نحن إلا بشر | L79: H | M79: A Rifqi | Q79: =B79 -> #REF! | S79: TS | U79: أفمن يعلم أنما أنزل إليك من ربك الحق | V79: H | W79: A Rifqi | X79: =B79 -> #REF! | Z79: TS | AB79: جز ١٣ | AC79: H | AD79: A Rifqi | AE79: =B79 -> #REF! | AL79: =B79 -> #REF! | AS79: =COUNTIF(E79:AQ79,"H") -> 4 | AT79: =COUNTIF(E79:AQ79,"I") -> 0 | AU79: =COUNTIF(E79:AQ79,"TD") -> 0 | AV79: =COUNTIF(E79:AQ79,"S") -> 0 | AW79: =COUNTIF(E79:AQ79,"A") -> 0 | AX79: =B79 -> #REF!
A80: 6 | B80: =B12 -> ZAKY AZHARI | C80: =C12 -> 30 | E80: P | J80: =B80 -> ZAKY AZHARI | L80: S | Q80: =B80 -> ZAKY AZHARI | S80: S | X80: =B80 -> ZAKY AZHARI | Z80: TS | AE80: =B80 -> ZAKY AZHARI | AG80: TS | AL80: =B80 -> ZAKY AZHARI | AS80: =COUNTIF(E80:AQ80,"H") -> 0 | AT80: =COUNTIF(E80:AQ80,"I") -> 0 | AU80: =COUNTIF(E80:AQ80,"TD") -> 0 | AV80: =COUNTIF(E80:AQ80,"S") -> 2 | AW80: =COUNTIF(E80:AQ80,"A") -> 0 | AX80: =B80 -> ZAKY AZHARI
A81: 7 | B81: =B13 -> MUHAMMAD FAUZIL ADZIM | C81: =C13 -> 30 | D81: اقترب للناس ½ | E81: H | F81: A Rifqi | J81: =B81 -> MUHAMMAD FAUZIL ADZIM | K81: الحجّ | L81: H | M81: A Rifqi | Q81: =B81 -> MUHAMMAD FAUZIL ADZIM | S81: TS | U81: المؤمنون | V81: H | W81: A Rifqi | X81: =B81 -> MUHAMMAD FAUZIL ADZIM | Z81: TS | AB81: النور | AC81: H | AD81: A Rifqi | AE81: =B81 -> MUHAMMAD FAUZIL ADZIM | AF81: الفرقان | AG81: H | AH81: A Rifqi | AL81: =B81 -> MUHAMMAD FAUZIL ADZIM | AS81: =COUNTIF(E81:AQ81,"H") -> 5 | AT81: =COUNTIF(E81:AQ81,"I") -> 0 | AU81: =COUNTIF(E81:AQ81,"TD") -> 0 | AV81: =COUNTIF(E81:AQ81,"S") -> 0 | AW81: =COUNTIF(E81:AQ81,"A") -> 0 | AX81: =B81 -> MUHAMMAD FAUZIL ADZIM
A82: 8 | B82: =B14 -> MUHAMMAD DZIKRI HUSAENI | C82: =C14 -> 18 | D82: قال ما منعك ألا تسجد إذ أمرتك | E82: H | F82: A Rifqi | J82: =B82 -> MUHAMMAD DZIKRI HUSAENI | L82: A | Q82: =B82 -> MUHAMMAD DZIKRI HUSAENI | S82: TD | V82: S | X82: =B82 -> MUHAMMAD DZIKRI HUSAENI | Y82: قالا ربنا ظلمنا | Z82: H | AA82: A Rifqi | AB82: ونادى أصحاب الجنة | AC82: H | AD82: A Rifqi | AE82: =B82 -> MUHAMMAD DZIKRI HUSAENI | AF82: ولد جئنهم بكتاب | AG82: H | AH82: A Rifqi | AL82: =B82 -> MUHAMMAD DZIKRI HUSAENI | AS82: =COUNTIF(E82:AQ82,"H") -> 4 | AT82: =COUNTIF(E82:AQ82,"I") -> 0 | AU82: =COUNTIF(E82:AQ82,"TD") -> 1 | AV82: =COUNTIF(E82:AQ82,"S") -> 1 | AW82: =COUNTIF(E82:AQ82,"A") -> 1 | AX82: =B82 -> MUHAMMAD DZIKRI HUSAENI
A83: 9 | B83: =B15 -> #REF! | C83: =C15 -> #REF! | D83: فإذاجآءتهم الحسنة قالوا لنا هذة | E83: H | F83: A Rifqi | J83: =B83 -> #REF! | K83: وجاوزنا ببني إسرائيل ٢ لمبار | L83: H | M83: A Rifqi | Q83: =B83 -> #REF! | S83: TD | U83: قال الملأ الذين استكبروا | V83: H | W83: A Rifqi | X83: =B83 -> #REF! | Y83: وإذ قالت أمة | Z83: H | AA83: A Rifqi | AC83: H | AE83: =B83 -> #REF! | AG83: TD | AJ83: H | AK83: A Rifqi | AL83: =B83 -> #REF! | AS83: =COUNTIF(E83:AQ83,"H") -> 6 | AT83: =COUNTIF(E83:AQ83,"I") -> 0 | AU83: =COUNTIF(E83:AQ83,"TD") -> 2 | AV83: =COUNTIF(E83:AQ83,"S") -> 0 | AW83: =COUNTIF(E83:AQ83,"A") -> 0 | AX83: =B83 -> #REF!
A84: 10 | B84: =B16 -> ABDUL KHOLIQ | C84: =C16 -> 14 | E84: TS | J84: =B84 -> ABDUL KHOLIQ | L84: A | Q84: =B84 -> ABDUL KHOLIQ | S84: S | X84: =B84 -> ABDUL KHOLIQ | Z84: TS | AE84: =B84 -> ABDUL KHOLIQ | AL84: =B84 -> ABDUL KHOLIQ | AS84: =COUNTIF(E84:AQ84,"H") -> 0 | AT84: =COUNTIF(E84:AQ84,"I") -> 0 | AU84: =COUNTIF(E84:AQ84,"TD") -> 0 | AV84: =COUNTIF(E84:AQ84,"S") -> 1 | AW84: =COUNTIF(E84:AQ84,"A") -> 1 | AX84: =B84 -> ABDUL KHOLIQ
A85: 11 | B85: =B17 -> IYAN FARID | C85: =C17 -> 13 | E85: P | J85: =B85 -> IYAN FARID | L85: P | Q85: =B85 -> IYAN FARID | S85: S | X85: =B85 -> IYAN FARID | Z85: TS | AE85: =B85 -> IYAN FARID | AL85: =B85 -> IYAN FARID | AS85: =COUNTIF(E85:AQ85,"H") -> 0 | AT85: =COUNTIF(E85:AQ85,"I") -> 0 | AU85: =COUNTIF(E85:AQ85,"TD") -> 0 | AV85: =COUNTIF(E85:AQ85,"S") -> 1 | AW85: =COUNTIF(E85:AQ85,"A") -> 0 | AX85: =B85 -> IYAN FARID
A86: 12 | B86: =B18 -> ZAENI NURIL HIKAM | C86: =C18 -> 12 | J86: =B86 -> ZAENI NURIL HIKAM | L86: A | Q86: =B86 -> ZAENI NURIL HIKAM | S86: TS | X86: =B86 -> ZAENI NURIL HIKAM | Y86: إنما يستجيب الذين يسمعون | Z86: H | AA86: A Rifqi | AC86: H | AE86: =B86 -> ZAENI NURIL HIKAM | AG86: TS | AL86: =B86 -> ZAENI NURIL HIKAM | AS86: =COUNTIF(E86:AQ86,"H") -> 2 | AT86: =COUNTIF(E86:AQ86,"I") -> 0 | AU86: =COUNTIF(E86:AQ86,"TD") -> 0 | AV86: =COUNTIF(E86:AQ86,"S") -> 0 | AW86: =COUNTIF(E86:AQ86,"A") -> 1 | AX86: =B86 -> ZAENI NURIL HIKAM
A87: 13 | B87: =B19 -> LUCKY KURNIAWAN | C87: =C19 -> 12 | E87: A | J87: =B87 -> LUCKY KURNIAWAN | K87: إنما يستجيب الذين يسمعون | L87: H | M87: A Rifqi | Q87: =B87 -> LUCKY KURNIAWAN | S87: TD | V87: H | X87: =B87 -> LUCKY KURNIAWAN | Y87: وأنذر به الين يخافون أن يحشروا | Z87: H | AA87: A Rifqi | AC87: A | AE87: =B87 -> LUCKY KURNIAWAN | AG87: TD | AJ87: H | AK87: A Rifqi | AL87: =B87 -> LUCKY KURNIAWAN | AS87: =COUNTIF(E87:AQ87,"H") -> 4 | AT87: =COUNTIF(E87:AQ87,"I") -> 0 | AU87: =COUNTIF(E87:AQ87,"TD") -> 2 | AV87: =COUNTIF(E87:AQ87,"S") -> 0 | AW87: =COUNTIF(E87:AQ87,"A") -> 2 | AX87: =B87 -> LUCKY KURNIAWAN
A88: 14 | B88: =B20 -> MUHAMMAD RAFIK MUHARAM | C88: =C20 -> 12 | D88: فإن كذّبوك فقل ربكم ذو رحمة واسعة | E88: H | F88: A Rifqi | J88: =B88 -> MUHAMMAD RAFIK MUHARAM | L88: TD | Q88: =B88 -> MUHAMMAD RAFIK MUHARAM | S88: TD | X88: =B88 -> MUHAMMAD RAFIK MUHARAM | Y88: هل ينظرون إلا أن تأتيهم الملائكة | Z88: H | AA88: A Rifqi | AC88: TD | AE88: =B88 -> MUHAMMAD RAFIK MUHARAM | AG88: TD | AL88: =B88 -> MUHAMMAD RAFIK MUHARAM | AS88: =COUNTIF(E88:AQ88,"H") -> 2 | AT88: =COUNTIF(E88:AQ88,"I") -> 0 | AU88: =COUNTIF(E88:AQ88,"TD") -> 4 | AV88: =COUNTIF(E88:AQ88,"S") -> 0 | AW88: =COUNTIF(E88:AQ88,"A") -> 0 | AX88: =B88 -> MUHAMMAD RAFIK MUHARAM
A89: 15 | B89: =B21 -> UMAR ABDUL MALIK | C89: =C21 -> 11 | D89: الذين يتربصون بكم | E89: H | F89: A Rifqi | J89: =B89 -> UMAR ABDUL MALIK | L89: A | Q89: =B89 -> UMAR ABDUL MALIK | R89: فبما بقضهم | S89: H | T89: A Rifqi | V89: H | X89: =B89 -> UMAR ABDUL MALIK | Z89: TD | AC89: A | AE89: =B89 -> UMAR ABDUL MALIK | AG89: TD | AL89: =B89 -> UMAR ABDUL MALIK | AS89: =COUNTIF(E89:AQ89,"H") -> 3 | AT89: =COUNTIF(E89:AQ89,"I") -> 0 | AU89: =COUNTIF(E89:AQ89,"TD") -> 2 | AV89: =COUNTIF(E89:AQ89,"S") -> 0 | AW89: =COUNTIF(E89:AQ89,"A") -> 2 | AX89: =B89 -> UMAR ABDUL MALIK
A90: 16 | B90: =B22 -> AHMAD HAFIDZ ALHAWARI | C90: =C22 -> 10 | D90: وقالت اليهود ليست النصارى على شيئ | E90: H | F90: A Rifqi | J90: =B90 -> AHMAD HAFIDZ ALHAWARI | K90: ولن ترصى عنك اليهود | L90: H | M90: A Rifqi | Q90: =B90 -> AHMAD HAFIDZ ALHAWARI | R90: وإذ يرفع إبراهيم | S90: H | T90: A Rifqi | V90: H | X90: =B90 -> AHMAD HAFIDZ ALHAWARI | Y90: وقالوا كونو هودا | Z90: H | AC90: H | AE90: =B90 -> AHMAD HAFIDZ ALHAWARI | AG90: TS | AL90: =B90 -> AHMAD HAFIDZ ALHAWARI | AS90: =COUNTIF(E90:AQ90,"H") -> 6 | AT90: =COUNTIF(E90:AQ90,"I") -> 0 | AU90: =COUNTIF(E90:AQ90,"TD") -> 0 | AV90: =COUNTIF(E90:AQ90,"S") -> 0 | AW90: =COUNTIF(E90:AQ90,"A") -> 0 | AX90: =B90 -> AHMAD HAFIDZ ALHAWARI
A91: 17 | B91: =B23 -> MUHAMMAD FAUZAN | C91: =C23 -> 10 | D91: الملك | E91: H | F91: A Rifqi | J91: =B91 -> MUHAMMAD FAUZAN | K91: ٢٩¼¹ | L91: H | M91: A Rifqi | Q91: =B91 -> MUHAMMAD FAUZAN | S91: TS | V91: H | X91: =B91 -> MUHAMMAD FAUZAN | Y91: وجاء فرعون ومن قبله | Z91: H | AA91: A Rifqi | AE91: =B91 -> MUHAMMAD FAUZAN | AG91: H | AL91: =B91 -> MUHAMMAD FAUZAN | AS91: =COUNTIF(E91:AQ91,"H") -> 5 | AT91: =COUNTIF(E91:AQ91,"I") -> 0 | AU91: =COUNTIF(E91:AQ91,"TD") -> 0 | AV91: =COUNTIF(E91:AQ91,"S") -> 0 | AW91: =COUNTIF(E91:AQ91,"A") -> 0 | AX91: =B91 -> MUHAMMAD FAUZAN
A92: 18 | B92: =B24 -> AKBAR RAMADAN | C92: =C24 -> 9 | D92: الحج أشهر معلومات | E92: H | F92: A Rifqi | J92: =B92 -> AKBAR RAMADAN | K92: سيقول السفهاء. ٣ لمبار | L92: H | M92: A Rifqi | Q92: =B92 -> AKBAR RAMADAN | R92: ليس البرّ | S92: H | T92: A Rifqi | V92: H | X92: =B92 -> AKBAR RAMADAN | Y92: ليس البر أن تولوا | Z92: H | AA92: A Rifqi | AE92: =B92 -> AKBAR RAMADAN | AF92: ليس البر | AG92: H | AH92: A Rifqi | AL92: =B92 -> AKBAR RAMADAN | AS92: =COUNTIF(E92:AQ92,"H") -> 6 | AT92: =COUNTIF(E92:AQ92,"I") -> 0 | AU92: =COUNTIF(E92:AQ92,"TD") -> 0 | AV92: =COUNTIF(E92:AQ92,"S") -> 0 | AW92: =COUNTIF(E92:AQ92,"A") -> 0 | AX92: =B92 -> AKBAR RAMADAN
A93: 19 | B93: =B25 -> #REF! | C93: =C25 -> #REF! | D93: واذ نجينكم من آل فرعون | E93: H | F93: A Rifqi | J93: =B93 -> #REF! | K93: وإذ قلنا ادخلوا هذه القرية | L93: H | M93: A Rifqi | Q93: =B93 -> #REF! | S93: TD | V93: H | X93: =B93 -> #REF! | Y93: إن الذين امنوا والذين هادوا | Z93: H | AA93: A Rifqi | AC93: TD | AE93: =B93 -> #REF! | AF93: قالوا ادع لنا ربك🔄 | AG93: H | AH93: A Rifqi | AL93: =B93 -> #REF! | AS93: =COUNTIF(E93:AQ93,"H") -> 5 | AT93: =COUNTIF(E93:AQ93,"I") -> 0 | AU93: =COUNTIF(E93:AQ93,"TD") -> 2 | AV93: =COUNTIF(E93:AQ93,"S") -> 0 | AW93: =COUNTIF(E93:AQ93,"A") -> 0 | AX93: =B93 -> #REF!
A94: 20 | B94: =B26 -> ABIDZAR ALGHIFARI | C94: =C26 -> 8 | D94: يآأيها النبي لم تحرم مآاحل الله لك | E94: H | F94: A Rifqi | J94: =B94 -> ABIDZAR ALGHIFARI | K94: عسي ربه إن طلقكن أن يبدله خيرا | L94: H | M94: A Rifqi | Q94: =B94 -> ABIDZAR ALGHIFARI | S94: TD | U94: يآأيها الذين آمنوا توبوا إلى الله | V94: H | X94: =B94 -> ABIDZAR ALGHIFARI | Y94: قد سمع الله | Z94: H | AA94: A Rifqi | AB94: المجادلة | AC94: H | AD94: A Rifqi | AE94: =B94 -> ABIDZAR ALGHIFARI | AF94: الحشر | AG94: H | AH94: A Rifqi | AI94: المجادلة+الحشر | AJ94: H | AK94: A Rifqi | AL94: =B94 -> ABIDZAR ALGHIFARI | AS94: =COUNTIF(E94:AQ94,"H") -> 7 | AT94: =COUNTIF(E94:AQ94,"I") -> 0 | AU94: =COUNTIF(E94:AQ94,"TD") -> 1 | AV94: =COUNTIF(E94:AQ94,"S") -> 0 | AW94: =COUNTIF(E94:AQ94,"A") -> 0 | AX94: =B94 -> ABIDZAR ALGHIFARI
A95: 21 | B95: =B27 -> KAFY MUHAMMAD AZIZY | C95: =C27 -> 7 | J95: =B95 -> KAFY MUHAMMAD AZIZY | K95: لا أقسم بيوم القيامة | L95: H | M95: A Rifqi | Q95: =B95 -> KAFY MUHAMMAD AZIZY | S95: TS | V95: H | X95: =B95 -> KAFY MUHAMMAD AZIZY | Y95: كلا بل تحبون العاجله | Z95: H | AA95: A Rifqi | AE95: =B95 -> KAFY MUHAMMAD AZIZY | AF95: القيامة | AG95: H | AH95: A Rifqi | AL95: =B95 -> KAFY MUHAMMAD AZIZY | AS95: =COUNTIF(E95:AQ95,"H") -> 4 | AT95: =COUNTIF(E95:AQ95,"I") -> 0 | AU95: =COUNTIF(E95:AQ95,"TD") -> 0 | AV95: =COUNTIF(E95:AQ95,"S") -> 0 | AW95: =COUNTIF(E95:AQ95,"A") -> 0 | AX95: =B95 -> KAFY MUHAMMAD AZIZY
A96: 22 | B96: =B28 -> #REF! | C96: =C28 -> #REF! | J96: =B96 -> #REF! | K96: النباء ⬅️ الإنشقاق | L96: H | M96: A Rifqi | Q96: =B96 -> #REF! | S96: TD | V96: H | X96: =B96 -> #REF! | Y96: البروج | Z96: H | AA96: A Rifqi | AC96: H | AE96: =B96 -> #REF! | AF96: البروج🔄 | AG96: H | AH96: A Rifqi | AI96: البروج | AJ96: H | AK96: A Rifqi | AL96: =B96 -> #REF! | AS96: =COUNTIF(E96:AQ96,"H") -> 6 | AT96: =COUNTIF(E96:AQ96,"I") -> 0 | AU96: =COUNTIF(E96:AQ96,"TD") -> 1 | AV96: =COUNTIF(E96:AQ96,"S") -> 0 | AW96: =COUNTIF(E96:AQ96,"A") -> 0 | AX96: =B96 -> #REF!
A97: 23 | B97: =B29 -> MUHAMMAD MUNAWWAR KHOLIL | C97: Tahsin | D97: الكوثر | E97: H | F97: A Rifqi | J97: Firman | K97: القريش | L97: H | M97: A Rifqi | Q97: =B97 -> MUHAMMAD MUNAWWAR KHOLIL | S97: H | V97: H | X97: =B97 -> MUHAMMAD MUNAWWAR KHOLIL | Z97: H | AE97: =B97 -> MUHAMMAD MUNAWWAR KHOLIL | AG97: H | AI97: النصر > | AJ97: H | AK97: A Rifqi | AL97: =B97 -> MUHAMMAD MUNAWWAR KHOLIL | AS97: =COUNTIF(E97:AQ97,"H") -> 7 | AT97: =COUNTIF(E97:AQ97,"I") -> 0 | AU97: =COUNTIF(E97:AQ97,"TD") -> 0 | AV97: =COUNTIF(E97:AQ97,"S") -> 0 | AW97: =COUNTIF(E97:AQ97,"A") -> 0 | AX97: =B97 -> MUHAMMAD MUNAWWAR KHOLIL
A98: 24 | B98: =B30 -> ALWI | C98: Tahsin | E98: H | J98: =B98 -> ALWI | Q98: =B98 -> ALWI | S98: H | V98: H | X98: =B98 -> ALWI | Z98: H | AE98: =B98 -> ALWI | AG98: H | AL98: =B98 -> ALWI | AS98: =COUNTIF(E98:AQ98,"H") -> 5 | AT98: =COUNTIF(E98:AQ98,"I") -> 0 | AU98: =COUNTIF(E98:AQ98,"TD") -> 0 | AV98: =COUNTIF(E98:AQ98,"S") -> 0 | AW98: =COUNTIF(E98:AQ98,"A") -> 0 | AX98: =B98 -> ALWI
A99: 25 | B99: =B31 -> PIRMAN | C99: Tahsin | E99: H | J99: =B99 -> PIRMAN | Q99: =B99 -> PIRMAN | S99: H | V99: H | X99: =B99 -> PIRMAN | Z99: H | AE99: =B99 -> PIRMAN | AG99: H | AL99: =B99 -> PIRMAN | AS99: =COUNTIF(E99:AQ99,"H") -> 5 | AT99: =COUNTIF(E99:AQ99,"I") -> 0 | AU99: =COUNTIF(E99:AQ99,"TD") -> 0 | AV99: =COUNTIF(E99:AQ99,"S") -> 0 | AW99: =COUNTIF(E99:AQ99,"A") -> 0 | AX99: =B99 -> PIRMAN
A100: 26 | B100: =B32 -> MUHAMMAD DENMAR NABAWI | C100: Tahsin | E100: H | J100: =B100 -> MUHAMMAD DENMAR NABAWI | Q100: =B100 -> MUHAMMAD DENMAR NABAWI | S100: H | V100: H | X100: =B100 -> MUHAMMAD DENMAR NABAWI | Z100: H | AE100: =B100 -> MUHAMMAD DENMAR NABAWI | AG100: H | AL100: =B100 -> MUHAMMAD DENMAR NABAWI | AS100: =COUNTIF(E100:AQ100,"H") -> 5 | AT100: =COUNTIF(E100:AQ100,"I") -> 0 | AU100: =COUNTIF(E100:AQ100,"TD") -> 0 | AV100: =COUNTIF(E100:AQ100,"S") -> 0 | AW100: =COUNTIF(E100:AQ100,"A") -> 0 | AX100: =B100 -> MUHAMMAD DENMAR NABAWI
A101: 27 | B101: =B33 -> #REF! | C101: Tahsin | E101: H | J101: =B101 -> #REF! | Q101: =B101 -> #REF! | S101: H | V101: H | X101: =B101 -> #REF! | Z101: H | AE101: =B101 -> #REF! | AG101: H | AL101: =B101 -> #REF! | AS101: =COUNTIF(E101:AQ101,"H") -> 5 | AT101: =COUNTIF(E101:AQ101,"I") -> 0 | AU101: =COUNTIF(E101:AQ101,"TD") -> 0 | AV101: =COUNTIF(E101:AQ101,"S") -> 0 | AW101: =COUNTIF(E101:AQ101,"A") -> 0 | AX101: =B101 -> #REF!
A102: 28 | B102: =B34 -> #REF! | C102: Tahsin | E102: H | J102: =B102 -> #REF! | Q102: =B102 -> #REF! | S102: H | V102: H | X102: =B102 -> #REF! | Z102: H | AE102: =B102 -> #REF! | AG102: H | AL102: =B102 -> #REF! | AS102: =COUNTIF(E102:AQ102,"H") -> 5 | AT102: =COUNTIF(E102:AQ102,"I") -> 0 | AU102: =COUNTIF(E102:AQ102,"TD") -> 0 | AV102: =COUNTIF(E102:AQ102,"S") -> 0 | AW102: =COUNTIF(E102:AQ102,"A") -> 0 | AX102: =B102 -> #REF!
A103: ABSENSI SETORAN
A106: MINGGU KE 4
A107: NO | B107: NAMA | D107: SABTU 23 | K107: AHAD 24 | R107: SENIN 25 | Y107: SELASA 26 | AF107: RABU 27 | AM107: KAMIS 28 | AS107: JUMLAH
D108: SHUBUH | F108: Penyimak | G108: PAGI | I108: Penyimak | K108: SHUBUH | M108: Penyimak | N108: SIANG | P108: Penyimak | R108: SHUBUH | T108: Penyimak | U108: SIANG | W108: Penyimak | Y108: SHUBUH | AA108: Penyimak | AB108: PAGI | AD108: Penyimak | AH108: Penyimak | AI108: SIANG | AK108: Penyimak | AM108: SHUBUH | AO108: Penyimak | AP108: SIANG | AR108: Penyimak | AS108: Hadir | AT108: Izin | AU108: Tidur | AV108: Sakit | AW108: Alpha
...

Sheet Ngaji
A1: ABSENSI NGAJI
A4: MINGGU Ke 1
A5: NO | B5: NAMA | D5: SABTU 2 | F5: NAMA | G5: AHAD 3 | I5: NAMA | J5: SENIN 4 | L5: NAMA | M5: SELASA 5 | O5: NAMA | P5: RABU 6 | R5: NAMA | S5: KAMIS 7 | U5: JUMLAH ABSENSI
C6: HAFALAN | D6: MALAM | E6: PAGI | G6: MALAM | H6: PAGI | J6: MALAM | K6: PAGI | M6: MALAM | N6: PAGI | P6: MALAM | Q6: PAGI | S6: MALAM | T6: PAGI | U6: HADIR | V6: SAKIT | W6: IZIN | X6: SEKOLAH | Y6: ALPHA
A7: 1 | B7: ='absensi setoran'!B7 -> AYI KOSIM HATIMI | C7: ='absensi setoran'!C7 -> 30 | F7: =B7 -> AYI KOSIM HATIMI | I7: =B7 -> AYI KOSIM HATIMI | J7: A | L7: =B7 -> AYI KOSIM HATIMI | M7: A | O7: =B7 -> AYI KOSIM HATIMI | R7: =B7 -> AYI KOSIM HATIMI | U7: =COUNTIF(B7:T7,"H") -> 0 | V7: =COUNTIF(B7:T7,"ST") -> 0 | W7: =COUNTIF(B7:T7,"I") -> 0 | X7: =COUNTIF(B7:T7,"S") -> 0 | Y7: =COUNTIF(B7:T7,"A") -> 2 | Z7: =B7 -> AYI KOSIM HATIMI
A8: 2 | B8: ='absensi setoran'!B8 -> ABRURRAHMAN AFANDI | C8: ='absensi setoran'!C8 -> 30 | F8: =B8 -> ABRURRAHMAN AFANDI | I8: =B8 -> ABRURRAHMAN AFANDI | L8: =B8 -> ABRURRAHMAN AFANDI | O8: =B8 -> ABRURRAHMAN AFANDI | R8: =B8 -> ABRURRAHMAN AFANDI | U8: =COUNTIF(B8:T8,"H") -> 0 | V8: =COUNTIF(B8:T8,"ST") -> 0 | W8: =COUNTIF(B8:T8,"I") -> 0 | X8: =COUNTIF(B8:T8,"S") -> 0 | Y8: =COUNTIF(B8:T8,"A") -> 0 | Z8: =B8 -> ABRURRAHMAN AFANDI
A9: 3 | B9: ='absensi setoran'!B9 -> CECEP ABDULATIF | C9: ='absensi setoran'!C9 -> 30 | F9: =B9 -> CECEP ABDULATIF | I9: =B9 -> CECEP ABDULATIF | J9: H | L9: =B9 -> CECEP ABDULATIF | M9: H | O9: =B9 -> CECEP ABDULATIF | R9: =B9 -> CECEP ABDULATIF | U9: =COUNTIF(B9:T9,"H") -> 2 | V9: =COUNTIF(B9:T9,"ST") -> 0 | W9: =COUNTIF(B9:T9,"I") -> 0 | X9: =COUNTIF(B9:T9,"S") -> 0 | Y9: =COUNTIF(B9:T9,"A") -> 0 | Z9: =B9 -> CECEP ABDULATIF
A10: 4 | B10: ='absensi setoran'!B10 -> DONI SUPRIATNA | C10: ='absensi setoran'!C10 -> 30 | F10: =B10 -> DONI SUPRIATNA | I10: =B10 -> DONI SUPRIATNA | L10: =B10 -> DONI SUPRIATNA | M10: H | O10: =B10 -> DONI SUPRIATNA | R10: =B10 -> DONI SUPRIATNA | U10: =COUNTIF(B10:T10,"H") -> 1 | V10: =COUNTIF(B10:T10,"ST") -> 0 | W10: =COUNTIF(B10:T10,"I") -> 0 | X10: =COUNTIF(B10:T10,"S") -> 0 | Y10: =COUNTIF(B10:T10,"A") -> 0 | Z10: =B10 -> DONI SUPRIATNA
A11: 5 | B11: ='absensi setoran'!B11 -> #REF! | C11: ='absensi setoran'!C11 -> #REF! | F11: =B11 -> #REF! | I11: =B11 -> #REF! | J11: H | L11: =B11 -> #REF! | M11: H | O11: =B11 -> #REF! | R11: =B11 -> #REF! | U11: =COUNTIF(B11:T11,"H") -> 2 | V11: =COUNTIF(B11:T11,"ST") -> 0 | W11: =COUNTIF(B11:T11,"I") -> 0 | X11: =COUNTIF(B11:T11,"S") -> 0 | Y11: =COUNTIF(B11:T11,"A") -> 0 | Z11: =B11 -> #REF!
A12: 6 | B12: ='absensi setoran'!B12 -> ZAKY AZHARI | C12: ='absensi setoran'!C12 -> 30 | F12: =B12 -> ZAKY AZHARI | I12: =B12 -> ZAKY AZHARI | J12: A | L12: =B12 -> ZAKY AZHARI | M12: A | O12: =B12 -> ZAKY AZHARI | R12: =B12 -> ZAKY AZHARI | U12: =COUNTIF(B12:T12,"H") -> 0 | V12: =COUNTIF(B12:T12,"ST") -> 0 | W12: =COUNTIF(B12:T12,"I") -> 0 | X12: =COUNTIF(B12:T12,"S") -> 0 | Y12: =COUNTIF(B12:T12,"A") -> 2 | Z12: =B12 -> ZAKY AZHARI
A13: 7 | B13: ='absensi setoran'!B13 -> MUHAMMAD FAUZIL ADZIM | C13: ='absensi setoran'!C13 -> 30 | F13: =B13 -> MUHAMMAD FAUZIL ADZIM | I13: =B13 -> MUHAMMAD FAUZIL ADZIM | J13: H | L13: =B13 -> MUHAMMAD FAUZIL ADZIM | M13: H | O13: =B13 -> MUHAMMAD FAUZIL ADZIM | R13: =B13 -> MUHAMMAD FAUZIL ADZIM | U13: =COUNTIF(B13:T13,"H") -> 2 | V13: =COUNTIF(B13:T13,"ST") -> 0 | W13: =COUNTIF(B13:T13,"I") -> 0 | X13: =COUNTIF(B13:T13,"S") -> 0 | Y13: =COUNTIF(B13:T13,"A") -> 0 | Z13: =B13 -> MUHAMMAD FAUZIL ADZIM
A14: 8 | B14: ='absensi setoran'!B14 -> MUHAMMAD DZIKRI HUSAENI | C14: ='absensi setoran'!C14 -> 18 | F14: =B14 -> MUHAMMAD DZIKRI HUSAENI | I14: =B14 -> MUHAMMAD DZIKRI HUSAENI | J14: H | L14: =B14 -> MUHAMMAD DZIKRI HUSAENI | M14: H | O14: =B14 -> MUHAMMAD DZIKRI HUSAENI | R14: =B14 -> MUHAMMAD DZIKRI HUSAENI | U14: =COUNTIF(B14:T14,"H") -> 2 | V14: =COUNTIF(B14:T14,"ST") -> 0 | W14: =COUNTIF(B14:T14,"I") -> 0 | X14: =COUNTIF(B14:T14,"S") -> 0 | Y14: =COUNTIF(B14:T14,"A") -> 0 | Z14: =B14 -> MUHAMMAD DZIKRI HUSAENI
A15: 9 | B15: ='absensi setoran'!B15 -> #REF! | C15: ='absensi setoran'!C15 -> #REF! | F15: =B15 -> #REF! | I15: =B15 -> #REF! | J15: H | L15: =B15 -> #REF! | M15: I | O15: =B15 -> #REF! | R15: =B15 -> #REF! | U15: =COUNTIF(B15:T15,"H") -> 1 | V15: =COUNTIF(B15:T15,"ST") -> 0 | W15: =COUNTIF(B15:T15,"I") -> 1 | X15: =COUNTIF(B15:T15,"S") -> 0 | Y15: =COUNTIF(B15:T15,"A") -> 0 | Z15: =B15 -> #REF!
A16: 10 | B16: ='absensi setoran'!B16 -> ABDUL KHOLIQ | C16: ='absensi setoran'!C16 -> 14 | F16: =B16 -> ABDUL KHOLIQ | I16: =B16 -> ABDUL KHOLIQ | J16: H | L16: =B16 -> ABDUL KHOLIQ | M16: H | O16: =B16 -> ABDUL KHOLIQ | R16: =B16 -> ABDUL KHOLIQ | U16: =COUNTIF(B16:T16,"H") -> 2 | V16: =COUNTIF(B16:T16,"ST") -> 0 | W16: =COUNTIF(B16:T16,"I") -> 0 | X16: =COUNTIF(B16:T16,"S") -> 0 | Y16: =COUNTIF(B16:T16,"A") -> 0 | Z16: =B16 -> ABDUL KHOLIQ
A17: 11 | B17: ='absensi setoran'!B17 -> IYAN FARID | C17: ='absensi setoran'!C17 -> 13 | F17: =B17 -> IYAN FARID | I17: =B17 -> IYAN FARID | J17: H | L17: =B17 -> IYAN FARID | M17: H | O17: =B17 -> IYAN FARID | R17: =B17 -> IYAN FARID | U17: =COUNTIF(B17:T17,"H") -> 2 | V17: =COUNTIF(B17:T17,"ST") -> 0 | W17: =COUNTIF(B17:T17,"I") -> 0 | X17: =COUNTIF(B17:T17,"S") -> 0 | Y17: =COUNTIF(B17:T17,"A") -> 0 | Z17: =B17 -> IYAN FARID
A18: 12 | B18: ='absensi setoran'!B18 -> ZAENI NURIL HIKAM | C18: ='absensi setoran'!C18 -> 12 | F18: =B18 -> ZAENI NURIL HIKAM | I18: =B18 -> ZAENI NURIL HIKAM | J18: H | L18: =B18 -> ZAENI NURIL HIKAM | M18: H | O18: =B18 -> ZAENI NURIL HIKAM | R18: =B18 -> ZAENI NURIL HIKAM | U18: =COUNTIF(B18:T18,"H") -> 2 | V18: =COUNTIF(B18:T18,"ST") -> 0 | W18: =COUNTIF(B18:T18,"I") -> 0 | X18: =COUNTIF(B18:T18,"S") -> 0 | Y18: =COUNTIF(B18:T18,"A") -> 0 | Z18: =B18 -> ZAENI NURIL HIKAM
A19: 13 | B19: ='absensi setoran'!B19 -> LUCKY KURNIAWAN | C19: ='absensi setoran'!C19 -> 12 | F19: =B19 -> LUCKY KURNIAWAN | I19: =B19 -> LUCKY KURNIAWAN | J19: H | L19: =B19 -> LUCKY KURNIAWAN | M19: H | O19: =B19 -> LUCKY KURNIAWAN | R19: =B19 -> LUCKY KURNIAWAN | U19: =COUNTIF(B19:T19,"H") -> 2 | V19: =COUNTIF(B19:T19,"ST") -> 0 | W19: =COUNTIF(B19:T19,"I") -> 0 | X19: =COUNTIF(B19:T19,"S") -> 0 | Y19: =COUNTIF(B19:T19,"A") -> 0 | Z19: =B19 -> LUCKY KURNIAWAN
A20: 14 | B20: ='absensi setoran'!B20 -> MUHAMMAD RAFIK MUHARAM | C20: ='absensi setoran'!C20 -> 12 | F20: =B20 -> MUHAMMAD RAFIK MUHARAM | I20: =B20 -> MUHAMMAD RAFIK MUHARAM | J20: H | L20: =B20 -> MUHAMMAD RAFIK MUHARAM | M20: H | O20: =B20 -> MUHAMMAD RAFIK MUHARAM | R20: =B20 -> MUHAMMAD RAFIK MUHARAM | U20: =COUNTIF(B20:T20,"H") -> 2 | V20: =COUNTIF(B20:T20,"ST") -> 0 | W20: =COUNTIF(B20:T20,"I") -> 0 | X20: =COUNTIF(B20:T20,"S") -> 0 | Y20: =COUNTIF(B20:T20,"A") -> 0 | Z20: =B20 -> MUHAMMAD RAFIK MUHARAM
A21: 15 | B21: ='absensi setoran'!B21 -> UMAR ABDUL MALIK | C21: ='absensi setoran'!C21 -> 11 | F21: =B21 -> UMAR ABDUL MALIK | I21: =B21 -> UMAR ABDUL MALIK | J21: H | L21: =B21 -> UMAR ABDUL MALIK | M21: H | O21: =B21 -> UMAR ABDUL MALIK | R21: =B21 -> UMAR ABDUL MALIK | U21: =COUNTIF(B21:T21,"H") -> 2 | V21: =COUNTIF(B21:T21,"ST") -> 0 | W21: =COUNTIF(B21:T21,"I") -> 0 | X21: =COUNTIF(B21:T21,"S") -> 0 | Y21: =COUNTIF(B21:T21,"A") -> 0 | Z21: =B21 -> UMAR ABDUL MALIK
A22: 16 | B22: ='absensi setoran'!B22 -> AHMAD HAFIDZ ALHAWARI | C22: ='absensi setoran'!C22 -> 10 | F22: =B22 -> AHMAD HAFIDZ ALHAWARI | I22: =B22 -> AHMAD HAFIDZ ALHAWARI | J22: H | L22: =B22 -> AHMAD HAFIDZ ALHAWARI | M22: H | O22: =B22 -> AHMAD HAFIDZ ALHAWARI | R22: =B22 -> AHMAD HAFIDZ ALHAWARI | U22: =COUNTIF(B22:T22,"H") -> 2 | V22: =COUNTIF(B22:T22,"ST") -> 0 | W22: =COUNTIF(B22:T22,"I") -> 0 | X22: =COUNTIF(B22:T22,"S") -> 0 | Y22: =COUNTIF(B22:T22,"A") -> 0 | Z22: =B22 -> AHMAD HAFIDZ ALHAWARI
... A29: 23 | B29: ='absensi setoran'!B29 -> MUHAMMAD MUNAWWAR KHOLIL | C29: ='absensi setoran'!C29 -> 4 | F29: =B29 -> MUHAMMAD MUNAWWAR KHOLIL | I29: =B29 -> MUHAMMAD MUNAWWAR KHOLIL | J29: H | L29: =B29 -> MUHAMMAD MUNAWWAR KHOLIL | M29: H | O29: =B29 -> MUHAMMAD MUNAWWAR KHOLIL | R29: =B29 -> MUHAMMAD MUNAWWAR KHOLIL | U29: =COUNTIF(B29:T29,"H") -> 2 | V29: =COUNTIF(B29:T29,"ST") -> 0 | W29: =COUNTIF(B29:T29,"I") -> 0 | X29: =COUNTIF(B29:T29,"S") -> 0 | Y29: =COUNTIF(B29:T29,"A") -> 0 | Z29: =B29 -> MUHAMMAD MUNAWWAR KHOLIL
A30: 24 | B30: ='absensi setoran'!B30 -> ALWI | C30: ='absensi setoran'!C30 -> 3 | F30: =B30 -> ALWI | I30: =B30 -> ALWI | L30: =B30 -> ALWI | O30: =B30 -> ALWI | R30: =B30 -> ALWI | U30: =COUNTIF(B30:T30,"H") -> 0 | V30: =COUNTIF(B30:T30,"ST") -> 0 | W30: =COUNTIF(B30:T30,"I") -> 0 | X30: =COUNTIF(B30:T30,"S") -> 0 | Y30: =COUNTIF(B30:T30,"A") -> 0 | Z30: =B30 -> ALWI
A31: 25 | B31: ='absensi setoran'!B31 -> PIRMAN | C31: ='absensi setoran'!C31 -> 1 | F31: =B31 -> PIRMAN | I31: =B31 -> PIRMAN | L31: =B31 -> PIRMAN | O31: =B31 -> PIRMAN | R31: =B31 -> PIRMAN | U31: =COUNTIF(B31:T31,"H") -> 0 | V31: =COUNTIF(B31:T31,"ST") -> 0 | W31: =COUNTIF(B31:T31,"I") -> 0 | X31: =COUNTIF(B31:T31,"S") -> 0 | Y31: =COUNTIF(B31:T31,"A") -> 0 | Z31: =B31 -> PIRMAN
A32: 26 | B32: ='absensi setoran'!B32 -> MUHAMMAD DENMAR NABAWI | C32: ='absensi setoran'!C32 -> 1 | F32: =B32 -> MUHAMMAD DENMAR NABAWI | I32: =B32 -> MUHAMMAD DENMAR NABAWI | L32: =B32 -> MUHAMMAD DENMAR NABAWI | O32: =B32 -> MUHAMMAD DENMAR NABAWI | R32: =B32 -> MUHAMMAD DENMAR NABAWI | U32: =COUNTIF(B32:T32,"H") -> 0 | V32: =COUNTIF(B32:T32,"ST") -> 0 | W32: =COUNTIF(B32:T32,"I") -> 0 | X32: =COUNTIF(B32:T32,"S") -> 0 | Y32: =COUNTIF(B32:T32,"A") -> 0 | Z32: =B32 -> MUHAMMAD DENMAR NABAWI
A33: 27 | B33: ='absensi setoran'!B33 -> #REF! | C33: ='absensi setoran'!C33 -> #REF! | F33: =B33 -> #REF! | I33: =B33 -> #REF! | L33: =B33 -> #REF! | O33: =B33 -> #REF! | R33: =B33 -> #REF! | U33: =COUNTIF(B33:T33,"H") -> 0 | V33: =COUNTIF(B33:T33,"ST") -> 0 | W33: =COUNTIF(B33:T33,"I") -> 0 | X33: =COUNTIF(B33:T33,"S") -> 0 | Y33: =COUNTIF(B33:T33,"A") -> 0 | Z33: =B33 -> #REF!
A34: 28 | B34: ='absensi setoran'!B34 -> #REF! | C34: ='absensi setoran'!C34 -> #REF! | F34: =B34 -> #REF! | I34: =B34 -> #REF! | L34: =B34 -> #REF! | O34: =B34 -> #REF! | R34: =B34 -> #REF! | U34: =COUNTIF(B34:T34,"H") -> 0 | V34: =COUNTIF(B34:T34,"ST") -> 0 | W34: =COUNTIF(B34:T34,"I") -> 0 | X34: =COUNTIF(B34:T34,"S") -> 0 | Y34: =COUNTIF(B34:T34,"A") -> 0 | Z34: =B34 -> #REF!
A35: ABSENSI NGAJI
A38: MINGGU Ke 2
A39: NO | B39: NAMA | D39: SABTU 9 | F39: NAMA | G39: AHAD 10 | I39: NAMA | J39: SENIN 11 | L39: NAMA | M39: SELASA 12 | O39: NAMA | P39: RABU 13 | R39: NAMA | S39: KAMIS 14 | U39: JUMLAH ABSENSI
C40: HAFALAN | D40: MALAM | E40: SIANG | G40: MALAM | H40: PAGI | J40: MALAM | K40: PAGI | M40: MALAM | N40: PAGI | P40: MALAM | Q40: PAGI | S40: MALAM | T40: PAGI | U40: HADIR | V40: SAKIT | W40: IZIN | X40: SEKOLAH | Y40: ALPHA
A41: 1 | B41: ='absensi setoran'!B41 -> AYI KOSIM HATIMI | C41: ='absensi setoran'!C41 -> 30 | D41: I | F41: =B41 -> AYI KOSIM HATIMI | G41: H | I41: =B41 -> AYI KOSIM HATIMI | J41: H | L41: =B41 -> AYI KOSIM HATIMI | O41: =B41 -> AYI KOSIM HATIMI | R41: =B41 -> AYI KOSIM HATIMI | U41: =COUNTIF(B41:T41,"H") -> 2 | V41: =COUNTIF(B41:T41,"ST") -> 0 | W41: =COUNTIF(B41:T41,"I") -> 1 | X41: =COUNTIF(B41:T41,"S") -> 0 | Y41: =COUNTIF(B41:T41,"A") -> 0 | Z41: =B41 -> AYI KOSIM HATIMI
A42: 2 | B42: ='absensi setoran'!B42 -> ABRURRAHMAN AFANDI | C42: ='absensi setoran'!C42 -> 30 | D42: ST | F42: =B42 -> ABRURRAHMAN AFANDI | G42: ST | I42: =B42 -> ABRURRAHMAN AFANDI | J42: ST | L42: =B42 -> ABRURRAHMAN AFANDI | O42: =B42 -> ABRURRAHMAN AFANDI | R42: =B42 -> ABRURRAHMAN AFANDI | U42: =COUNTIF(B42:T42,"H") -> 0 | V42: =COUNTIF(B42:T42,"ST") -> 3 | W42: =COUNTIF(B42:T42,"I") -> 0 | X42: =COUNTIF(B42:T42,"S") -> 0 | Y42: =COUNTIF(B42:T42,"A") -> 0 | Z42: =B42 -> ABRURRAHMAN AFANDI
A43: 3 | B43: ='absensi setoran'!B43 -> CECEP ABDULATIF | C43: ='absensi setoran'!C43 -> 30 | D43: H | F43: =B43 -> CECEP ABDULATIF | G43: H | I43: =B43 -> CECEP ABDULATIF | J43: H | L43: =B43 -> CECEP ABDULATIF | O43: =B43 -> CECEP ABDULATIF | R43: =B43 -> CECEP ABDULATIF | U43: =COUNTIF(B43:T43,"H") -> 3 | V43: =COUNTIF(B43:T43,"ST") -> 0 | W43: =COUNTIF(B43:T43,"I") -> 0 | X43: =COUNTIF(B43:T43,"S") -> 0 | Y43: =COUNTIF(B43:T43,"A") -> 0 | Z43: =B43 -> CECEP ABDULATIF
A44: 4 | B44: ='absensi setoran'!B44 -> DONI SUPRIATNA | C44: ='absensi setoran'!C44 -> 30 | D44: H | F44: =B44 -> DONI SUPRIATNA | G44: H | I44: =B44 -> DONI SUPRIATNA | J44: H | L44: =B44 -> DONI SUPRIATNA | O44: =B44 -> DONI SUPRIATNA | R44: =B44 -> DONI SUPRIATNA | U44: =COUNTIF(B44:T44,"H") -> 3 | V44: =COUNTIF(B44:T44,"ST") -> 0 | W44: =COUNTIF(B44:T44,"I") -> 0 | X44: =COUNTIF(B44:T44,"S") -> 0 | Y44: =COUNTIF(B44:T44,"A") -> 0 | Z44: =B44 -> DONI SUPRIATNA
A45: 5 | B45: ='absensi setoran'!B45 -> #REF! | C45: ='absensi setoran'!C45 -> #REF! | D45: H | F45: =B45 -> #REF! | G45: H | I45: =B45 -> #REF! | J45: H | L45: =B45 -> #REF! | O45: =B45 -> #REF! | R45: =B45 -> #REF! | U45: =COUNTIF(B45:T45,"H") -> 3 | V45: =COUNTIF(B45:T45,"ST") -> 0 | W45: =COUNTIF(B45:T45,"I") -> 0 | X45: =COUNTIF(B45:T45,"S") -> 0 | Y45: =COUNTIF(B45:T45,"A") -> 0 | Z45: =B45 -> #REF!
A46: 6 | B46: ='absensi setoran'!B46 -> ZAKY AZHARI | C46: ='absensi setoran'!C46 -> 30 | D46: H | F46: =B46 -> ZAKY AZHARI | G46: H | I46: =B46 -> ZAKY AZHARI | J46: I | L46: =B46 -> ZAKY AZHARI | O46: =B46 -> ZAKY AZHARI | R46: =B46 -> ZAKY AZHARI | U46: =COUNTIF(B46:T46,"H") -> 2 | V46: =COUNTIF(B46:T46,"ST") -> 0 | W46: =COUNTIF(B46:T46,"I") -> 1 | X46: =COUNTIF(B46:T46,"S") -> 0 | Y46: =COUNTIF(B46:T46,"A") -> 0 | Z46: =B46 -> ZAKY AZHARI
A47: 7 | B47: ='absensi setoran'!B47 -> MUHAMMAD FAUZIL ADZIM | C47: ='absensi setoran'!C47 -> 30 | D47: H | F47: =B47 -> MUHAMMAD FAUZIL ADZIM | G47: H | I47: =B47 -> MUHAMMAD FAUZIL ADZIM | J47: I | L47: =B47 -> MUHAMMAD FAUZIL ADZIM | O47: =B47 -> MUHAMMAD FAUZIL ADZIM | R47: =B47 -> MUHAMMAD FAUZIL ADZIM | U47: =COUNTIF(B47:T47,"H") -> 2 | V47: =COUNTIF(B47:T47,"ST") -> 0 | W47: =COUNTIF(B47:T47,"I") -> 1 | X47: =COUNTIF(B47:T47,"S") -> 0 | Y47: =COUNTIF(B47:T47,"A") -> 0 | Z47: =B47 -> MUHAMMAD FAUZIL ADZIM
A48: 8 | B48: ='absensi setoran'!B48 -> MUHAMMAD DZIKRI HUSAENI | C48: ='absensi setoran'!C48 -> 18 | D48: H | F48: =B48 -> MUHAMMAD DZIKRI HUSAENI | G48: H | I48: =B48 -> MUHAMMAD DZIKRI HUSAENI | J48: H | L48: =B48 -> MUHAMMAD DZIKRI HUSAENI | O48: =B48 -> MUHAMMAD DZIKRI HUSAENI | R48: =B48 -> MUHAMMAD DZIKRI HUSAENI | U48: =COUNTIF(B48:T48,"H") -> 3 | V48: =COUNTIF(B48:T48,"ST") -> 0 | W48: =COUNTIF(B48:T48,"I") -> 0 | X48: =COUNTIF(B48:T48,"S") -> 0 | Y48: =COUNTIF(B48:T48,"A") -> 0 | Z48: =B48 -> MUHAMMAD DZIKRI HUSAENI
A49: 9 | B49: ='absensi setoran'!B49 -> #REF! | C49: ='absensi setoran'!C49 -> #REF! | D49: I | F49: =B49 -> #REF! | G49: A | I49: =B49 -> #REF! | J49: H | L49: =B49 -> #REF! | O49: =B49 -> #REF! | R49: =B49 -> #REF! | U49: =COUNTIF(B49:T49,"H") -> 1 | V49: =COUNTIF(B49:T49,"ST") -> 0 | W49: =COUNTIF(B49:T49,"I") -> 1 | X49: =COUNTIF(B49:T49,"S") -> 0 | Y49: =COUNTIF(B49:T49,"A") -> 1 | Z49: =B49 -> #REF!
A50: 10 | B50: ='absensi setoran'!B50 -> ABDUL KHOLIQ | C50: ='absensi setoran'!C50 -> 14 | D50: H | F50: =B50 -> ABDUL KHOLIQ | G50: H | I50: =B50 -> ABDUL KHOLIQ | J50: H | L50: =B50 -> ABDUL KHOLIQ | O50: =B50 -> ABDUL KHOLIQ | R50: =B50 -> ABDUL KHOLIQ | U50: =COUNTIF(B50:T50,"H") -> 3 | V50: =COUNTIF(B50:T50,"ST") -> 0 | W50: =COUNTIF(B50:T50,"I") -> 0 | X50: =COUNTIF(B50:T50,"S") -> 0 | Y50: =COUNTIF(B50:T50,"A") -> 0 | Z50: =B50 -> ABDUL KHOLIQ
A51: 11 | B51: ='absensi setoran'!B51 -> IYAN FARID | C51: ='absensi setoran'!C51 -> 13 | D51: H | F51: =B51 -> IYAN FARID | G51: H | I51: =B51 -> IYAN FARID | J51: H | L51: =B51 -> IYAN FARID | O51: =B51 -> IYAN FARID | R51: =B51 -> IYAN FARID | U51: =COUNTIF(B51:T51,"H") -> 3 | V51: =COUNTIF(B51:T51,"ST") -> 0 | W51: =COUNTIF(B51:T51,"I") -> 0 | X51: =COUNTIF(B51:T51,"S") -> 0 | Y51: =COUNTIF(B51:T51,"A") -> 0 | Z51: =B51 -> IYAN FARID
A52: 12 | B52: ='absensi setoran'!B52 -> ZAENI NURIL HIKAM | C52: ='absensi setoran'!C52 -> 12 | D52: H | F52: =B52 -> ZAENI NURIL HIKAM | G52: H | I52: =B52 -> ZAENI NURIL HIKAM | J52: H | L52: =B52 -> ZAENI NURIL HIKAM | O52: =B52 -> ZAENI NURIL HIKAM | R52: =B52 -> ZAENI NURIL HIKAM | U52: =COUNTIF(B52:T52,"H") -> 3 | V52: =COUNTIF(B52:T52,"ST") -> 0 | W52: =COUNTIF(B52:T52,"I") -> 0 | X52: =COUNTIF(B52:T52,"S") -> 0 | Y52: =COUNTIF(B52:T52,"A") -> 0 | Z52: =B52 -> ZAENI NURIL HIKAM
... A63: 23 | B63: ='absensi setoran'!B63 -> MUHAMMAD MUNAWWAR KHOLIL | C63: ='absensi setoran'!C63 -> 4 | D63: H | F63: =B63 -> MUHAMMAD MUNAWWAR KHOLIL | G63: H | I63: =B63 -> MUHAMMAD MUNAWWAR KHOLIL | J63: H | L63: =B63 -> MUHAMMAD MUNAWWAR KHOLIL | O63: =B63 -> MUHAMMAD MUNAWWAR KHOLIL | R63: =B63 -> MUHAMMAD MUNAWWAR KHOLIL | U63: =COUNTIF(B63:T63,"H") -> 3 | V63: =COUNTIF(B63:T63,"ST") -> 0 | W63: =COUNTIF(B63:T63,"I") -> 0 | X63: =COUNTIF(B63:T63,"S") -> 0 | Y63: =COUNTIF(B63:T63,"A") -> 0 | Z63: =B63 -> MUHAMMAD MUNAWWAR KHOLIL
A64: 24 | B64: ='absensi setoran'!B64 -> ALWI | C64: ='absensi setoran'!C64 -> 3 | F64: =B64 -> ALWI | I64: =B64 -> ALWI | L64: =B64 -> ALWI | O64: =B64 -> ALWI | R64: =B64 -> ALWI | U64: =COUNTIF(B64:T64,"H") -> 0 | V64: =COUNTIF(B64:T64,"ST") -> 0 | W64: =COUNTIF(B64:T64,"I") -> 0 | X64: =COUNTIF(B64:T64,"S") -> 0 | Y64: =COUNTIF(B64:T64,"A") -> 0 | Z64: =B64 -> ALWI
A65: 25 | B65: ='absensi setoran'!B65 -> PIRMAN | C65: ='absensi setoran'!C65 -> 1 | D65: H | F65: =B65 -> PIRMAN | G65: H | I65: =B65 -> PIRMAN | J65: H | L65: =B65 -> PIRMAN | O65: =B65 -> PIRMAN | R65: =B65 -> PIRMAN | U65: =COUNTIF(B65:T65,"H") -> 3 | V65: =COUNTIF(B65:T65,"ST") -> 0 | W65: =COUNTIF(B65:T65,"I") -> 0 | X65: =COUNTIF(B65:T65,"S") -> 0 | Y65: =COUNTIF(B65:T65,"A") -> 0 | Z65: =B65 -> PIRMAN
A66: 26 | B66: ='absensi setoran'!B66 -> MUHAMMAD DENMAR NABAWI | C66: ='absensi setoran'!C66 -> 1 | F66: =B66 -> MUHAMMAD DENMAR NABAWI | I66: =B66 -> MUHAMMAD DENMAR NABAWI | L66: =B66 -> MUHAMMAD DENMAR NABAWI | O66: =B66 -> MUHAMMAD DENMAR NABAWI | R66: =B66 -> MUHAMMAD DENMAR NABAWI | U66: =COUNTIF(B66:T66,"H") -> 0 | V66: =COUNTIF(B66:T66,"ST") -> 0 | W66: =COUNTIF(B66:T66,"I") -> 0 | X66: =COUNTIF(B66:T66,"S") -> 0 | Y66: =COUNTIF(B66:T66,"A") -> 0 | Z66: =B66 -> MUHAMMAD DENMAR NABAWI
A67: 27 | B67: ='absensi setoran'!B67 -> #REF! | C67: ='absensi setoran'!C67 -> #REF! | D67: H | F67: =B67 -> #REF! | G67: H | I67: =B67 -> #REF! | J67: H | L67: =B67 -> #REF! | O67: =B67 -> #REF! | R67: =B67 -> #REF! | U67: =COUNTIF(B67:T67,"H") -> 3 | V67: =COUNTIF(B67:T67,"ST") -> 0 | W67: =COUNTIF(B67:T67,"I") -> 0 | X67: =COUNTIF(B67:T67,"S") -> 0 | Y67: =COUNTIF(B67:T67,"A") -> 0 | Z67: =B67 -> #REF!
A69: ABSENSI NGAJI
A72: MINGGU Ke 3
A73: NO | B73: NAMA | D73: SABTU 16 | F73: NAMA | G73: AHAD 17 | I73: NAMA | J73: SENIN 18 | L73: NAMA | M73: SELASA 19 | O73: NAMA | P73: RABU 20 | R73: NAMA | S73: KAMIS 21 | U73: JUMLAH ABSENSI
C74: HAFALAN | D74: MALAM | E74: PAGI | G74: MALAM | H74: PAGI | J74: MALAM | K74: PAGI | M74: MALAM | N74: SIANG | P74: MALAM | Q74: PAGI | S74: MALAM | T74: PAGI | U74: HADIR | V74: SAKIT | W74: IZIN | X74: SEKOLAH | Y74: ALPHA
A75: 1 | B75: ='absensi setoran'!B75 -> AYI KOSIM HATIMI | C75: ='absensi setoran'!C75 -> 30 | F75: =B75 -> AYI KOSIM HATIMI | I75: =B75 -> AYI KOSIM HATIMI | L75: =B75 -> AYI KOSIM HATIMI | M75: H | O75: =B75 -> AYI KOSIM HATIMI | P75: H | R75: =B75 -> AYI KOSIM HATIMI | U75: =COUNTIF(B75:T75,"H") -> 2 | V75: =COUNTIF(B75:T75,"ST") -> 0 | W75: =COUNTIF(B75:T75,"I") -> 0 | X75: =COUNTIF(B75:T75,"S") -> 0 | Y75: =COUNTIF(B75:T75,"A") -> 0 | Z75: =B75 -> AYI KOSIM HATIMI
A76: 2 | B76: ='absensi setoran'!B76 -> ABRURRAHMAN AFANDI | C76: ='absensi setoran'!C76 -> 30 | F76: =B76 -> ABRURRAHMAN AFANDI | I76: =B76 -> ABRURRAHMAN AFANDI | L76: =B76 -> ABRURRAHMAN AFANDI | M76: H | O76: =B76 -> ABRURRAHMAN AFANDI | P76: H | R76: =B76 -> ABRURRAHMAN AFANDI | U76: =COUNTIF(B76:T76,"H") -> 2 | V76: =COUNTIF(B76:T76,"ST") -> 0 | W76: =COUNTIF(B76:T76,"I") -> 0 | X76: =COUNTIF(B76:T76,"S") -> 0 | Y76: =COUNTIF(B76:T76,"A") -> 0 | Z76: =B76 -> ABRURRAHMAN AFANDI
A77: 3 | B77: ='absensi setoran'!B77 -> CECEP ABDULATIF | C77: ='absensi setoran'!C77 -> 30 | F77: =B77 -> CECEP ABDULATIF | I77: =B77 -> CECEP ABDULATIF | L77: =B77 -> CECEP ABDULATIF | M77: H | O77: =B77 -> CECEP ABDULATIF | P77: H | R77: =B77 -> CECEP ABDULATIF | U77: =COUNTIF(B77:T77,"H") -> 2 | V77: =COUNTIF(B77:T77,"ST") -> 0 | W77: =COUNTIF(B77:T77,"I") -> 0 | X77: =COUNTIF(B77:T77,"S") -> 0 | Y77: =COUNTIF(B77:T77,"A") -> 0 | Z77: =B77 -> CECEP ABDULATIF
A78: 4 | B78: ='absensi setoran'!B78 -> DONI SUPRIATNA | C78: ='absensi setoran'!C78 -> 30 | F78: =B78 -> DONI SUPRIATNA | I78: =B78 -> DONI SUPRIATNA | L78: =B78 -> DONI SUPRIATNA | M78: I | N78: I | O78: =B78 -> DONI SUPRIATNA | P78: I | R78: =B78 -> DONI SUPRIATNA | U78: =COUNTIF(B78:T78,"H") -> 0 | V78: =COUNTIF(B78:T78,"ST") -> 0 | W78: =COUNTIF(B78:T78,"I") -> 3 | X78: =COUNTIF(B78:T78,"S") -> 0 | Y78: =COUNTIF(B78:T78,"A") -> 0 | Z78: =B78 -> DONI SUPRIATNA
A79: 5 | B79: ='absensi setoran'!B79 -> #REF! | C79: ='absensi setoran'!C79 -> #REF! | F79: =B79 -> #REF! | I79: =B79 -> #REF! | L79: =B79 -> #REF! | M79: H | N79: H | O79: =B79 -> #REF! | P79: H | R79: =B79 -> #REF! | U79: =COUNTIF(B79:T79,"H") -> 3 | V79: =COUNTIF(B79:T79,"ST") -> 0 | W79: =COUNTIF(B79:T79,"I") -> 0 | X79: =COUNTIF(B79:T79,"S") -> 0 | Y79: =COUNTIF(B79:T79,"A") -> 0 | Z79: =B79 -> #REF!
A80: 6 | B80: ='absensi setoran'!B80 -> ZAKY AZHARI | C80: ='absensi setoran'!C80 -> 30 | F80: =B80 -> ZAKY AZHARI | I80: =B80 -> ZAKY AZHARI | L80: =B80 -> ZAKY AZHARI | M80: H | O80: =B80 -> ZAKY AZHARI | P80: H | R80: =B80 -> ZAKY AZHARI | U80: =COUNTIF(B80:T80,"H") -> 2 | V80: =COUNTIF(B80:T80,"ST") -> 0 | W80: =COUNTIF(B80:T80,"I") -> 0 | X80: =COUNTIF(B80:T80,"S") -> 0 | Y80: =COUNTIF(B80:T80,"A") -> 0 | Z80: =B80 -> ZAKY AZHARI
A81: 7 | B81: ='absensi setoran'!B81 -> MUHAMMAD FAUZIL ADZIM | C81: ='absensi setoran'!C81 -> 30 | F81: =B81 -> MUHAMMAD FAUZIL ADZIM | I81: =B81 -> MUHAMMAD FAUZIL ADZIM | L81: =B81 -> MUHAMMAD FAUZIL ADZIM | M81: H | O81: =B81 -> MUHAMMAD FAUZIL ADZIM | P81: H | R81: =B81 -> MUHAMMAD FAUZIL ADZIM | U81: =COUNTIF(B81:T81,"H") -> 2 | V81: =COUNTIF(B81:T81,"ST") -> 0 | W81: =COUNTIF(B81:T81,"I") -> 0 | X81: =COUNTIF(B81:T81,"S") -> 0 | Y81: =COUNTIF(B81:T81,"A") -> 0 | Z81: =B81 -> MUHAMMAD FAUZIL ADZIM
A82: 8 | B82: ='absensi setoran'!B82 -> MUHAMMAD DZIKRI HUSAENI | C82: ='absensi setoran'!C82 -> 18 | F82: =B82 -> MUHAMMAD DZIKRI HUSAENI | I82: =B82 -> MUHAMMAD DZIKRI HUSAENI | L82: =B82 -> MUHAMMAD DZIKRI HUSAENI | M82: H | N82: H | O82: =B82 -> MUHAMMAD DZIKRI HUSAENI | P82: H | R82: =B82 -> MUHAMMAD DZIKRI HUSAENI | U82: =COUNTIF(B82:T82,"H") -> 3 | V82: =COUNTIF(B82:T82,"ST") -> 0 | W82: =COUNTIF(B82:T82,"I") -> 0 | X82: =COUNTIF(B82:T82,"S") -> 0 | Y82: =COUNTIF(B82:T82,"A") -> 0 | Z82: =B82 -> MUHAMMAD DZIKRI HUSAENI
A83: 9 | B83: ='absensi setoran'!B83 -> #REF! | C83: ='absensi setoran'!C83 -> #REF! | F83: =B83 -> #REF! | I83: =B83 -> #REF! | L83: =B83 -> #REF! | M83: H | O83: =B83 -> #REF! | P83: H | R83: =B83 -> #REF! | U83: =COUNTIF(B83:T83,"H") -> 2 | V83: =COUNTIF(B83:T83,"ST") -> 0 | W83: =COUNTIF(B83:T83,"I") -> 0 | X83: =COUNTIF(B83:T83,"S") -> 0 | Y83: =COUNTIF(B83:T83,"A") -> 0 | Z83: =B83 -> #REF!
A84: 10 | B84: ='absensi setoran'!B84 -> ABDUL KHOLIQ | C84: ='absensi setoran'!C84 -> 14 | F84: =B84 -> ABDUL KHOLIQ | I84: =B84 -> ABDUL KHOLIQ | L84: =B84 -> ABDUL KHOLIQ | M84: H | O84: =B84 -> ABDUL KHOLIQ | P84: H | R84: =B84 -> ABDUL KHOLIQ | U84: =COUNTIF(B84:T84,"H") -> 2 | V84: =COUNTIF(B84:T84,"ST") -> 0 | W84: =COUNTIF(B84:T84,"I") -> 0 | X84: =COUNTIF(B84:T84,"S") -> 0 | Y84: =COUNTIF(B84:T84,"A") -> 0 | Z84: =B84 -> ABDUL KHOLIQ
A85: 11 | B85: ='absensi setoran'!B85 -> IYAN FARID | C85: ='absensi setoran'!C85 -> 13 | F85: =B85 -> IYAN FARID | I85: =B85 -> IYAN FARID | L85: =B85 -> IYAN FARID | M85: H | O85: =B85 -> IYAN FARID | P85: H | R85: =B85 -> IYAN FARID | U85: =COUNTIF(B85:T85,"H") -> 2 | V85: =COUNTIF(B85:T85,"ST") -> 0 | W85: =COUNTIF(B85:T85,"I") -> 0 | X85: =COUNTIF(B85:T85,"S") -> 0 | Y85: =COUNTIF(B85:T85,"A") -> 0 | Z85: =B85 -> IYAN FARID
A86: 12 | B86: ='absensi setoran'!B86 -> ZAENI NURIL HIKAM | C86: ='absensi setoran'!C86 -> 12 | F86: =B86 -> ZAENI NURIL HIKAM | I86: =B86 -> ZAENI NURIL HIKAM | L86: =B86 -> ZAENI NURIL HIKAM | M86: H | O86: =B86 -> ZAENI NURIL HIKAM | P86: H | R86: =B86 -> ZAENI NURIL HIKAM | U86: =COUNTIF(B86:T86,"H") -> 2 | V86: =COUNTIF(B86:T86,"ST") -> 0 | W86: =COUNTIF(B86:T86,"I") -> 0 | X86: =COUNTIF(B86:T86,"S") -> 0 | Y86: =COUNTIF(B86:T86,"A") -> 0 | Z86: =B86 -> ZAENI NURIL HIKAM
A87: 13 | B87: ='absensi setoran'!B87 -> LUCKY KURNIAWAN | C87: ='absensi setoran'!C87 -> 12 | F87: =B87 -> LUCKY KURNIAWAN | I87: =B87 -> LUCKY KURNIAWAN | L87: =B87 -> LUCKY KURNIAWAN | M87: H | O87: =B87 -> LUCKY KURNIAWAN | P87: H | R87: =B87 -> LUCKY KURNIAWAN | U87: =COUNTIF(B87:T87,"H") -> 2 | V87: =COUNTIF(B87:T87,"ST") -> 0 | W87: =COUNTIF(B87:T87,"I") -> 0 | X87: =COUNTIF(B87:T87,"S") -> 0 | Y87: =COUNTIF(B87:T87,"A") -> 0 | Z87: =B87 -> LUCKY KURNIAWAN
A88: 14 | B88: ='absensi setoran'!B88 -> MUHAMMAD RAFIK MUHARAM | C88: ='absensi setoran'!C88 -> 12 | F88: =B88 -> MUHAMMAD RAFIK MUHARAM | I88: =B88 -> MUHAMMAD RAFIK MUHARAM | L88: =B88 -> MUHAMMAD RAFIK MUHARAM | M88: H | O88: =B88 -> MUHAMMAD RAFIK MUHARAM | P88: H | R88: =B88 -> MUHAMMAD RAFIK MUHARAM | U88: =COUNTIF(B88:T88,"H") -> 2 | V88: =COUNTIF(B88:T88,"ST") -> 0 | W88: =COUNTIF(B88:T88,"I") -> 0 | X88: =COUNTIF(B88:T88,"S") -> 0 | Y88: =COUNTIF(B88:T88,"A") -> 0 | Z88: =B88 -> MUHAMMAD RAFIK MUHARAM
A89: 15 | B89: ='absensi setoran'!B89 -> UMAR ABDUL MALIK | C89: ='absensi setoran'!C89 -> 11 | F89: =B89 -> UMAR ABDUL MALIK | I89: =B89 -> UMAR ABDUL MALIK | L89: =B89 -> UMAR ABDUL MALIK | M89: H | O89: =B89 -> UMAR ABDUL MALIK | P89: H | R89: =B89 -> UMAR ABDUL MALIK | U89: =COUNTIF(B89:T89,"H") -> 2 | V89: =COUNTIF(B89:T89,"ST") -> 0 | W89: =COUNTIF(B89:T89,"I") -> 0 | X89: =COUNTIF(B89:T89,"S") -> 0 | Y89: =COUNTIF(B89:T89,"A") -> 0 | Z89: =B89 -> UMAR ABDUL MALIK
A90: 16 | B90: ='absensi setoran'!B90 -> AHMAD HAFIDZ ALHAWARI | C90: ='absensi setoran'!C90 -> 10 | F90: =B90 -> AHMAD HAFIDZ ALHAWARI | I90: =B90 -> AHMAD HAFIDZ ALHAWARI | L90: =B90 -> AHMAD HAFIDZ ALHAWARI | M90: H | N90: H | O90: =B90 -> AHMAD HAFIDZ ALHAWARI | P90: H | R90: =B90 -> AHMAD HAFIDZ ALHAWARI | U90: =COUNTIF(B90:T90,"H") -> 3 | V90: =COUNTIF(B90:T90,"ST") -> 0 | W90: =COUNTIF(B90:T90,"I") -> 0 | X90: =COUNTIF(B90:T90,"S") -> 0 | Y90: =COUNTIF(B90:T90,"A") -> 0 | Z90: =B90 -> AHMAD HAFIDZ ALHAWARI
A91: 17 | B91: ='absensi setoran'!B91 -> MUHAMMAD FAUZAN | C91: ='absensi setoran'!C91 -> 10 | F91: =B91 -> MUHAMMAD FAUZAN | I91: =B91 -> MUHAMMAD FAUZAN | L91: =B91 -> MUHAMMAD FAUZAN | M91: H | N91: H | O91: =B91 -> MUHAMMAD FAUZAN | P91: H | R91: =B91 -> MUHAMMAD FAUZAN | U91: =COUNTIF(B91:T91,"H") -> 3 | V91: =COUNTIF(B91:T91,"ST") -> 0 | W91: =COUNTIF(B91:T91,"I") -> 0 | X91: =COUNTIF(B91:T91,"S") -> 0 | Y91: =COUNTIF(B91:T91,"A") -> 0 | Z91: =B91 -> MUHAMMAD FAUZAN
A92: 18 | B92: ='absensi setoran'!B92 -> AKBAR RAMADAN | C92: ='absensi setoran'!C92 -> 9 | F92: =B92 -> AKBAR RAMADAN | I92: =B92 -> AKBAR RAMADAN | L92: =B92 -> AKBAR RAMADAN | M92: H | N92: H | O92: =B92 -> AKBAR RAMADAN | P92: H | R92: =B92 -> AKBAR RAMADAN | U92: =COUNTIF(B92:T92,"H") -> 3 | V92: =COUNTIF(B92:T92,"ST") -> 0 | W92: =COUNTIF(B92:T92,"I") -> 0 | X92: =COUNTIF(B92:T92,"S") -> 0 | Y92: =COUNTIF(B92:T92,"A") -> 0 | Z92: =B92 -> AKBAR RAMADAN
A93: 19 | B93: ='absensi setoran'!B93 -> #REF! | C93: ='absensi setoran'!C93 -> #REF! | F93: =B93 -> #REF! | I93: =B93 -> #REF! | L93: =B93 -> #REF! | M93: H | N93: H | O93: =B93 -> #REF! | P93: H | R93: =B93 -> #REF! | U93: =COUNTIF(B93:T93,"H") -> 3 | V93: =COUNTIF(B93:T93,"ST") -> 0 | W93: =COUNTIF(B93:T93,"I") -> 0 | X93: =COUNTIF(B93:T93,"S") -> 0 | Y93: =COUNTIF(B93:T93,"A") -> 0 | Z93: =B93 -> #REF!
A94: 20 | B94: ='absensi setoran'!B94 -> ABIDZAR ALGHIFARI | C94: ='absensi setoran'!C94 -> 8 | F94: =B94 -> ABIDZAR ALGHIFARI | I94: =B94 -> ABIDZAR ALGHIFARI | L94: =B94 -> ABIDZAR ALGHIFARI | M94: H | N94: H | O94: =B94 -> ABIDZAR ALGHIFARI | P94: H | R94: =B94 -> ABIDZAR ALGHIFARI | U94: =COUNTIF(B94:T94,"H") -> 3 | V94: =COUNTIF(B94:T94,"ST") -> 0 | W94: =COUNTIF(B94:T94,"I") -> 0 | X94: =COUNTIF(B94:T94,"S") -> 0 | Y94: =COUNTIF(B94:T94,"A") -> 0 | Z94: =B94 -> ABIDZAR ALGHIFARI
A95: 21 | B95: ='absensi setoran'!B95 -> KAFY MUHAMMAD AZIZY | C95: ='absensi setoran'!C95 -> 7 | F95: =B95 -> KAFY MUHAMMAD AZIZY | I95: =B95 -> KAFY MUHAMMAD AZIZY | L95: =B95 -> KAFY MUHAMMAD AZIZY | M95: H | N95: H | O95: =B95 -> KAFY MUHAMMAD AZIZY | P95: H | R95: =B95 -> KAFY MUHAMMAD AZIZY | U95: =COUNTIF(B95:T95,"H") -> 3 | V95: =COUNTIF(B95:T95,"ST") -> 0 | W95: =COUNTIF(B95:T95,"I") -> 0 | X95: =COUNTIF(B95:T95,"S") -> 0 | Y95: =COUNTIF(B95:T95,"A") -> 0 | Z95: =B95 -> KAFY MUHAMMAD AZIZY
A96: 22 | B96: ='absensi setoran'!B96 -> #REF! | C96: ='absensi setoran'!C96 -> #REF! | F96: =B96 -> #REF! | I96: =B96 -> #REF! | L96: =B96 -> #REF! | M96: H | N96: H | O96: =B96 -> #REF! | P96: H | R96: =B96 -> #REF! | U96: =COUNTIF(B96:T96,"H") -> 3 | V96: =COUNTIF(B96:T96,"ST") -> 0 | W96: =COUNTIF(B96:T96,"I") -> 0 | X96: =COUNTIF(B96:T96,"S") -> 0 | Y96: =COUNTIF(B96:T96,"A") -> 0 | Z96: =B96 -> #REF!
A97: 23 | B97: ='absensi setoran'!B97 -> MUHAMMAD MUNAWWAR KHOLIL | C97: ='absensi setoran'!C97 -> Tahsin | F97: =b97yazid -> #NAME? | I97: =B97 -> MUHAMMAD MUNAWWAR KHOLIL | L97: =B97 -> MUHAMMAD MUNAWWAR KHOLIL | M97: H | N97: H | O97: =B97 -> MUHAMMAD MUNAWWAR KHOLIL | P97: H | R97: =B97 -> MUHAMMAD MUNAWWAR KHOLIL | U97: =COUNTIF(B97:T97,"H") -> 3 | V97: =COUNTIF(B97:T97,"ST") -> 0 | W97: =COUNTIF(B97:T97,"I") -> 0 | X97: =COUNTIF(B97:T97,"S") -> 0 | Y97: =COUNTIF(B97:T97,"A") -> 0 | Z97: =B97 -> MUHAMMAD MUNAWWAR KHOLIL
A98: 24 | B98: ='absensi setoran'!B98 -> ALWI | C98: ='absensi setoran'!C98 -> Tahsin | F98: =B98 -> ALWI | I98: =B98 -> ALWI | L98: =B98 -> ALWI | M98: H | N98: H | O98: =B98 -> ALWI | P98: H | R98: =B98 -> ALWI | U98: =COUNTIF(B98:T98,"H") -> 3 | V98: =COUNTIF(B98:T98,"ST") -> 0 | W98: =COUNTIF(B98:T98,"I") -> 0 | X98: =COUNTIF(B98:T98,"S") -> 0 | Y98: =COUNTIF(B98:T98,"A") -> 0 | Z98: =B98 -> ALWI
A99: 25 | B99: ='absensi setoran'!B99 -> PIRMAN | C99: ='absensi setoran'!C99 -> Tahsin | F99: =B99 -> PIRMAN | I99: =B99 -> PIRMAN | L99: =B99 -> PIRMAN | M99: H | N99: H | O99: =B99 -> PIRMAN | P99: H | R99: =B99 -> PIRMAN | U99: =COUNTIF(B99:T99,"H") -> 3 | V99: =COUNTIF(B99:T99,"ST") -> 0 | W99: =COUNTIF(B99:T99,"I") -> 0 | X99: =COUNTIF(B99:T99,"S") -> 0 | Y99: =COUNTIF(B99:T99,"A") -> 0 | Z99: =B99 -> PIRMAN
A100: 26 | B100: ='absensi setoran'!B100 -> MUHAMMAD DENMAR NABAWI | C100: ='absensi setoran'!C100 -> Tahsin | F100: =B100 -> MUHAMMAD DENMAR NABAWI | I100: =B100 -> MUHAMMAD DENMAR NABAWI | L100: =B100 -> MUHAMMAD DENMAR NABAWI | M100: H | N100: H | O100: =B100 -> MUHAMMAD DENMAR NABAWI | P100: H | R100: =B100 -> MUHAMMAD DENMAR NABAWI | U100: =COUNTIF(B100:T100,"H") -> 3 | V100: =COUNTIF(B100:T100,"ST") -> 0 | W100: =COUNTIF(B100:T100,"I") -> 0 | X100: =COUNTIF(B100:T100,"S") -> 0 | Y100: =COUNTIF(B100:T100,"A") -> 0 | Z100: =B100 -> MUHAMMAD DENMAR NABAWI
A101: 27 | B101: ='absensi setoran'!B101 -> #REF! | C101: ='absensi setoran'!C101 -> Tahsin | F101: =B101 -> #REF! | I101: =B101 -> #REF! | L101: =B101 -> #REF! | M101: H | N101: H | O101: =B101 -> #REF! | P101: H | R101: =B101 -> #REF! | U101: =COUNTIF(B101:T101,"H") -> 3 | V101: =COUNTIF(B101:T101,"ST") -> 0 | W101: =COUNTIF(B101:T101,"I") -> 0 | X101: =COUNTIF(B101:T101,"S") -> 0 | Y101: =COUNTIF(B101:T101,"A") -> 0 | Z101: =B101 -> #REF!
A102: 28 | B102: ='absensi setoran'!B102 -> #REF! | C102: ='absensi setoran'!C102 -> Tahsin | F102: =B102 -> #REF! | I102: =B102 -> #REF! | L102: =B102 -> #REF! | M102: H | N102: H | O102: =B102 -> #REF! | P102: H | R102: =B102 -> #REF! | U102: =COUNTIF(B102:T102,"H") -> 3 | V102: =COUNTIF(B102:T102,"ST") -> 0 | W102: =COUNTIF(B102:T102,"I") -> 0 | X102: =COUNTIF(B102:T102,"S") -> 0 | Y102: =COUNTIF(B102:T102,"A") -> 0 | Z102: =B102 -> #REF!
A103: ABSENSI NGAJI
A106: MINGGU Ke 4
A107: NO | B107: NAMA | D107: SABTU 23 | F107: NAMA | G107: AHAD 24 | I107: NAMA | J107: SENIN 25 | L107: NAMA | M107: SELASA 26 | O107: NAMA | P107: RABU 27 | R107: NAMA | S107: KAMIS 28 | U107: JUMLAH ABSENSI
C108: HAFALAN | D108: MALAM | E108: PAGI | G108: MALAM | H108: PAGI | J108: MALAM | K108: PAGI | M108: MALAM | N108: PAGI | P108: MALAM | Q108: PAGI | S108: MALAM | T108: PAGI | U108: HADIR | V108: SAKIT | W108: IZIN | X108: SEKOLAH | Y108: ALPHA
A109: 1 | B109: ='absensi setoran'!B109 -> AYI KOSIM HATIMI | C109: ='absensi setoran'!C109 -> 30 | F109: =B109 -> AYI KOSIM HATIMI | I109: =B109 -> AYI KOSIM HATIMI | L109: =B109 -> AYI KOSIM HATIMI | O109: =B109 -> AYI KOSIM HATIMI | P109: H | R109: =B109 -> AYI KOSIM HATIMI | U109: =COUNTIF(B109:T109,"H") -> 1 | V109: =COUNTIF(B109:T109,"ST") -> 0 | W109: =COUNTIF(B109:T109,"I") -> 0 | X109: =COUNTIF(B109:T109,"S") -> 0 | Y109: =COUNTIF(B109:T109,"A") -> 0 | Z109: =B109 -> AYI KOSIM HATIMI
A110: 2 | B110: ='absensi setoran'!B110 -> ABRURRAHMAN AFANDI | C110: ='absensi setoran'!C110 -> 30 | F110: =B110 -> ABRURRAHMAN AFANDI | I110: =B110 -> ABRURRAHMAN AFANDI | L110: =B110 -> ABRURRAHMAN AFANDI | O110: =B110 -> ABRURRAHMAN AFANDI | P110: H | R110: =B110 -> ABRURRAHMAN AFANDI | U110: =COUNTIF(B110:T110,"H") -> 1 | V110: =COUNTIF(B110:T110,"ST") -> 0 | W110: =COUNTIF(B110:T110,"I") -> 0 | X110: =COUNTIF(B110:T110,"S") -> 0 | Y110: =COUNTIF(B110:T110,"A") -> 0 | Z110: =B110 -> ABRURRAHMAN AFANDI
A111: 3 | B111: ='absensi setoran'!B111 -> CECEP ABDULATIF | C111: ='absensi setoran'!C111 -> 30 | F111: =B111 -> CECEP ABDULATIF | I111: =B111 -> CECEP ABDULATIF | L111: =B111 -> CECEP ABDULATIF | O111: =B111 -> CECEP ABDULATIF | P111: H | R111: =B111 -> CECEP ABDULATIF | U111: =COUNTIF(B111:T111,"H") -> 1 | V111: =COUNTIF(B111:T111,"ST") -> 0 | W111: =COUNTIF(B111:T111,"I") -> 0 | X111: =COUNTIF(B111:T111,"S") -> 0 | Y111: =COUNTIF(B111:T111,"A") -> 0 | Z111: =B111 -> CECEP ABDULATIF
A112: 4 | B112: ='absensi setoran'!B112 -> DONI SUPRIATNA | C112: ='absensi setoran'!C112 -> 30 | F112: =B112 -> DONI SUPRIATNA | I112: =B112 -> DONI SUPRIATNA | L112: =B112 -> DONI SUPRIATNA | O112: =B112 -> DONI SUPRIATNA | P112: H | R112: =B112 -> DONI SUPRIATNA | U112: =COUNTIF(B112:T112,"H") -> 1 | V112: =COUNTIF(B112:T112,"ST") -> 0 | W112: =COUNTIF(B112:T112,"I") -> 0 | X112: =COUNTIF(B112:T112,"S") -> 0 | Y112: =COUNTIF(B112:T112,"A") -> 0 | Z112: =B112 -> DONI SUPRIATNA
A113: 5 | B113: ='absensi setoran'!B113 -> #REF! | C113: ='absensi setoran'!C113 -> #REF! | F113: =B113 -> #REF! | I113: =B113 -> #REF! | L113: =B113 -> #REF! | O113: =B113 -> #REF! | P113: H | R113: =B113 -> #REF! | U113: =COUNTIF(B113:T113,"H") -> 1 | V113: =COUNTIF(B113:T113,"ST") -> 0 | W113: =COUNTIF(B113:T113,"I") -> 0 | X113: =COUNTIF(B113:T113,"S") -> 0 | Y113: =COUNTIF(B113:T113,"A") -> 0 | Z113: =B113 -> #REF!
A114: 6 | B114: ='absensi setoran'!B114 -> ZAKY AZHARI | C114: ='absensi setoran'!C114 -> 30 | F114: =B114 -> ZAKY AZHARI | I114: =B114 -> ZAKY AZHARI | L114: =B114 -> ZAKY AZHARI | O114: =B114 -> ZAKY AZHARI | P114: H | R114: =B114 -> ZAKY AZHARI | U114: =COUNTIF(B114:T114,"H") -> 1 | V114: =COUNTIF(B114:T114,"ST") -> 0 | W114: =COUNTIF(B114:T114,"I") -> 0 | X114: =COUNTIF(B114:T114,"S") -> 0 | Y114: =COUNTIF(B114:T114,"A") -> 0 | Z114: =B114 -> ZAKY AZHARI
A115: 7 | B115: ='absensi setoran'!B115 -> MUHAMMAD FAUZIL ADZIM | C115: ='absensi setoran'!C115 -> 30 | F115: =B115 -> MUHAMMAD FAUZIL ADZIM | I115: =B115 -> MUHAMMAD FAUZIL ADZIM | L115: =B115 -> MUHAMMAD FAUZIL ADZIM | O115: =B115 -> MUHAMMAD FAUZIL ADZIM | P115: H | R115: =B115 -> MUHAMMAD FAUZIL ADZIM | U115: =COUNTIF(B115:T115,"H") -> 1 | V115: =COUNTIF(B115:T115,"ST") -> 0 | W115: =COUNTIF(B115:T115,"I") -> 0 | X115: =COUNTIF(B115:T115,"S") -> 0 | Y115: =COUNTIF(B115:T115,"A") -> 0 | Z115: =B115 -> MUHAMMAD FAUZIL ADZIM
A116: 8 | B116: ='absensi setoran'!B116 -> MUHAMMAD DZIKRI HUSAENI | C116: ='absensi setoran'!C116 -> 18 | F116: =B116 -> MUHAMMAD DZIKRI HUSAENI | I116: =B116 -> MUHAMMAD DZIKRI HUSAENI | L116: =B116 -> MUHAMMAD DZIKRI HUSAENI | O116: =B116 -> MUHAMMAD DZIKRI HUSAENI | P116: H | R116: =B116 -> MUHAMMAD DZIKRI HUSAENI | U116: =COUNTIF(B116:T116,"H") -> 1 | V116: =COUNTIF(B116:T116,"ST") -> 0 | W116: =COUNTIF(B116:T116,"I") -> 0 | X116: =COUNTIF(B116:T116,"S") -> 0 | Y116: =COUNTIF(B116:T116,"A") -> 0 | Z116: =B116 -> MUHAMMAD DZIKRI HUSAENI
A117: 9 | B117: ='absensi setoran'!B117 -> #REF! | C117: ='absensi setoran'!C117 -> #REF! | F117: =B117 -> #REF! | I117: =B117 -> #REF! | L117: =B117 -> #REF! | O117: =B117 -> #REF! | P117: H | R117: =B117 -> #REF! | U117: =COUNTIF(B117:T117,"H") -> 1 | V117: =COUNTIF(B117:T117,"ST") -> 0 | W117: =COUNTIF(B117:T117,"I") -> 0 | X117: =COUNTIF(B117:T117,"S") -> 0 | Y117: =COUNTIF(B117:T117,"A") -> 0 | Z117: =B117 -> #REF!
A118: 10 | B118: ='absensi setoran'!B118 -> ABDUL KHOLIQ | C118: ='absensi setoran'!C118 -> 14 | F118: =B118 -> ABDUL KHOLIQ | I118: =B118 -> ABDUL KHOLIQ | L118: =B118 -> ABDUL KHOLIQ | O118: =B118 -> ABDUL KHOLIQ | P118: H | R118: =B118 -> ABDUL KHOLIQ | U118: =COUNTIF(B118:T118,"H") -> 1 | V118: =COUNTIF(B118:T118,"ST") -> 0 | W118: =COUNTIF(B118:T118,"I") -> 0 | X118: =COUNTIF(B118:T118,"S") -> 0 | Y118: =COUNTIF(B118:T118,"A") -> 0 | Z118: =B118 -> ABDUL KHOLIQ
A119: 11 | B119: ='absensi setoran'!B119 -> IYAN FARID | C119: ='absensi setoran'!C119 -> 13 | F119: =B119 -> IYAN FARID | I119: =B119 -> IYAN FARID | L119: =B119 -> IYAN FARID | O119: =B119 -> IYAN FARID | P119: H | R119: =B119 -> IYAN FARID | U119: =COUNTIF(B119:T119,"H") -> 1 | V119: =COUNTIF(B119:T119,"ST") -> 0 | W119: =COUNTIF(B119:T119,"I") -> 0 | X119: =COUNTIF(B119:T119,"S") -> 0 | Y119: =COUNTIF(B119:T119,"A") -> 0 | Z119: =B119 -> IYAN FARID
A120: 12 | B120: ='absensi setoran'!B120 -> ZAENI NURIL HIKAM | C120: ='absensi setoran'!C120 -> 12 | F120: =B120 -> ZAENI NURIL HIKAM | I120: =B120 -> ZAENI NURIL HIKAM | L120: =B120 -> ZAENI NURIL HIKAM | O120: =B120 -> ZAENI NURIL HIKAM | P120: H | R120: =B120 -> ZAENI NURIL HIKAM | U120: =COUNTIF(B120:T120,"H") -> 1 | V120: =COUNTIF(B120:T120,"ST") -> 0 | W120: =COUNTIF(B120:T120,"I") -> 0 | X120: =COUNTIF(B120:T120,"S") -> 0 | Y120: =COUNTIF(B120:T120,"A") -> 0 | Z120: =B120 -> ZAENI NURIL HIKAM
... A136: 28 | B136: ='absensi setoran'!B136 -> #REF! | C136: ='absensi setoran'!C136 -> #REF! | F136: =B136 -> #REF! | I136: =B136 -> #REF! | L136: =B136 -> #REF! | O136: =B136 -> #REF! | P136: H | R136: =B136 -> #REF! | U136: =COUNTIF(B136:T136,"H") -> 1 | V136: =COUNTIF(B136:T136,"ST") -> 0 | W136: =COUNTIF(B136:T136,"I") -> 0 | X136: =COUNTIF(B136:T136,"S") -> 0 | Y136: =COUNTIF(B136:T136,"A") -> 0 | Z136: =B136 -> #REF!
A137: ABSENSI NGAJI
A140: MINGGU Ke 5
A141: NO | B141: NAMA | D141: SABTU 30 | F141: NAMA | G141: KAMIS 30 | U141: JUMLAH ABSENSI
C142: HAFALAN | D142: MALAM | E142: PAGI | G142: MALAM | H142: PAGI | U142: HADIR | V142: SAKIT | W142: IZIN | X142: SEKOLAH | Y142: ALPHA
...

Sheet ngafal
A1: ABSENSI NGAFAL
A4: MINGGU Ke 1
A5: NO | B5: NAMA | D5: SABTU 2 | F5: NAMA | G5: AHAD 3 | I5: NAMA | J5: SENIN 4 | L5: NAMA | M5: SELASA 5 | O5: NAMA | P5: RABU 6 | R5: NAMA | S5: KAMIS 7 | U5: JUMLAH ABSENSI
C6: HAFALAN | D6: MALAM | E6: SORE | G6: MALAM | H6: SORE | J6: MALAM | K6: SORE | M6: MALAM | N6: SORE | P6: MALAM | Q6: SORE | S6: MALAM | T6: SORE | U6: HADIR | V6: SAKIT | W6: IZIN | X6: SEKOLAH | Y6: ALPHA
A7: 1 | B7: ='absensi setoran'!B7 -> AYI KOSIM HATIMI | C7: ='absensi setoran'!C7 -> 30 | F7: =B7 -> AYI KOSIM HATIMI | G7: I | I7: =B7 -> AYI KOSIM HATIMI | J7: ST | L7: =B7 -> AYI KOSIM HATIMI | O7: =B7 -> AYI KOSIM HATIMI | R7: =B7 -> AYI KOSIM HATIMI | U7: =COUNTIF(B7:T7,"H") -> 0 | V7: =COUNTIF(B7:T7,"ST") -> 1 | W7: =COUNTIF(B7:T7,"I") -> 1 | X7: =COUNTIF(B7:T7,"S") -> 0 | Y7: =COUNTIF(B7:T7,"A") -> 0 | Z7: =B7 -> AYI KOSIM HATIMI
A8: 2 | B8: ='absensi setoran'!B8 -> ABRURRAHMAN AFANDI | C8: ='absensi setoran'!C8 -> 30 | F8: =B8 -> ABRURRAHMAN AFANDI | G8: ST | I8: =B8 -> ABRURRAHMAN AFANDI | J8: ST | L8: =B8 -> ABRURRAHMAN AFANDI | O8: =B8 -> ABRURRAHMAN AFANDI | R8: =B8 -> ABRURRAHMAN AFANDI | U8: =COUNTIF(B8:T8,"H") -> 0 | V8: =COUNTIF(B8:T8,"ST") -> 2 | W8: =COUNTIF(B8:T8,"I") -> 0 | X8: =COUNTIF(B8:T8,"S") -> 0 | Y8: =COUNTIF(B8:T8,"A") -> 0 | Z8: =B8 -> ABRURRAHMAN AFANDI
A9: 3 | B9: ='absensi setoran'!B9 -> CECEP ABDULATIF | C9: ='absensi setoran'!C9 -> 30 | F9: =B9 -> CECEP ABDULATIF | G9: H | I9: =B9 -> CECEP ABDULATIF | J9: H | L9: =B9 -> CECEP ABDULATIF | O9: =B9 -> CECEP ABDULATIF | R9: =B9 -> CECEP ABDULATIF | U9: =COUNTIF(B9:T9,"H") -> 2 | V9: =COUNTIF(B9:T9,"ST") -> 0 | W9: =COUNTIF(B9:T9,"I") -> 0 | X9: =COUNTIF(B9:T9,"S") -> 0 | Y9: =COUNTIF(B9:T9,"A") -> 0 | Z9: =B9 -> CECEP ABDULATIF
A10: 4 | B10: ='absensi setoran'!B10 -> DONI SUPRIATNA | C10: ='absensi setoran'!C10 -> 30 | F10: =B10 -> DONI SUPRIATNA | G10: ST | I10: =B10 -> DONI SUPRIATNA | J10: H | L10: =B10 -> DONI SUPRIATNA | O10: =B10 -> DONI SUPRIATNA | R10: =B10 -> DONI SUPRIATNA | U10: =COUNTIF(B10:T10,"H") -> 1 | V10: =COUNTIF(B10:T10,"ST") -> 1 | W10: =COUNTIF(B10:T10,"I") -> 0 | X10: =COUNTIF(B10:T10,"S") -> 0 | Y10: =COUNTIF(B10:T10,"A") -> 0 | Z10: =B10 -> DONI SUPRIATNA
A11: 5 | B11: ='absensi setoran'!B11 -> #REF! | C11: ='absensi setoran'!C11 -> #REF! | F11: =B11 -> #REF! | G11: H | I11: =B11 -> #REF! | J11: H | L11: =B11 -> #REF! | O11: =B11 -> #REF! | R11: =B11 -> #REF! | U11: =COUNTIF(B11:T11,"H") -> 2 | V11: =COUNTIF(B11:T11,"ST") -> 0 | W11: =COUNTIF(B11:T11,"I") -> 0 | X11: =COUNTIF(B11:T11,"S") -> 0 | Y11: =COUNTIF(B11:T11,"A") -> 0 | Z11: =B11 -> #REF!
A12: 6 | B12: ='absensi setoran'!B12 -> ZAKY AZHARI | C12: ='absensi setoran'!C12 -> 30 | F12: =B12 -> ZAKY AZHARI | G12: H | I12: =B12 -> ZAKY AZHARI | J12: I | L12: =B12 -> ZAKY AZHARI | O12: =B12 -> ZAKY AZHARI | R12: =B12 -> ZAKY AZHARI | U12: =COUNTIF(B12:T12,"H") -> 1 | V12: =COUNTIF(B12:T12,"ST") -> 0 | W12: =COUNTIF(B12:T12,"I") -> 1 | X12: =COUNTIF(B12:T12,"S") -> 0 | Y12: =COUNTIF(B12:T12,"A") -> 0 | Z12: =B12 -> ZAKY AZHARI
A13: 7 | B13: ='absensi setoran'!B13 -> MUHAMMAD FAUZIL ADZIM | C13: ='absensi setoran'!C13 -> 30 | F13: =B13 -> MUHAMMAD FAUZIL ADZIM | G13: H | I13: =B13 -> MUHAMMAD FAUZIL ADZIM | J13: H | L13: =B13 -> MUHAMMAD FAUZIL ADZIM | O13: =B13 -> MUHAMMAD FAUZIL ADZIM | R13: =B13 -> MUHAMMAD FAUZIL ADZIM | U13: =COUNTIF(B13:T13,"H") -> 2 | V13: =COUNTIF(B13:T13,"ST") -> 0 | W13: =COUNTIF(B13:T13,"I") -> 0 | X13: =COUNTIF(B13:T13,"S") -> 0 | Y13: =COUNTIF(B13:T13,"A") -> 0 | Z13: =B13 -> MUHAMMAD FAUZIL ADZIM
A14: 8 | B14: ='absensi setoran'!B14 -> MUHAMMAD DZIKRI HUSAENI | C14: ='absensi setoran'!C14 -> 18 | F14: =B14 -> MUHAMMAD DZIKRI HUSAENI | G14: A | I14: =B14 -> MUHAMMAD DZIKRI HUSAENI | J14: H | L14: =B14 -> MUHAMMAD DZIKRI HUSAENI | O14: =B14 -> MUHAMMAD DZIKRI HUSAENI | R14: =B14 -> MUHAMMAD DZIKRI HUSAENI | U14: =COUNTIF(B14:T14,"H") -> 1 | V14: =COUNTIF(B14:T14,"ST") -> 0 | W14: =COUNTIF(B14:T14,"I") -> 0 | X14: =COUNTIF(B14:T14,"S") -> 0 | Y14: =COUNTIF(B14:T14,"A") -> 1 | Z14: =B14 -> MUHAMMAD DZIKRI HUSAENI
A15: 9 | B15: ='absensi setoran'!B15 -> #REF! | C15: ='absensi setoran'!C15 -> #REF! | F15: =B15 -> #REF! | G15: H | I15: =B15 -> #REF! | J15: I | L15: =B15 -> #REF! | O15: =B15 -> #REF! | R15: =B15 -> #REF! | U15: =COUNTIF(B15:T15,"H") -> 1 | V15: =COUNTIF(B15:T15,"ST") -> 0 | W15: =COUNTIF(B15:T15,"I") -> 1 | X15: =COUNTIF(B15:T15,"S") -> 0 | Y15: =COUNTIF(B15:T15,"A") -> 0 | Z15: =B15 -> #REF!
A16: 10 | B16: ='absensi setoran'!B16 -> ABDUL KHOLIQ | C16: ='absensi setoran'!C16 -> 14 | F16: =B16 -> ABDUL KHOLIQ | G16: H | I16: =B16 -> ABDUL KHOLIQ | J16: H | L16: =B16 -> ABDUL KHOLIQ | O16: =B16 -> ABDUL KHOLIQ | R16: =B16 -> ABDUL KHOLIQ | U16: =COUNTIF(B16:T16,"H") -> 2 | V16: =COUNTIF(B16:T16,"ST") -> 0 | W16: =COUNTIF(B16:T16,"I") -> 0 | X16: =COUNTIF(B16:T16,"S") -> 0 | Y16: =COUNTIF(B16:T16,"A") -> 0 | Z16: =B16 -> ABDUL KHOLIQ
A17: 11 | B17: ='absensi setoran'!B17 -> IYAN FARID | C17: ='absensi setoran'!C17 -> 13 | F17: =B17 -> IYAN FARID | G17: I | I17: =B17 -> IYAN FARID | J17: H | L17: =B17 -> IYAN FARID | O17: =B17 -> IYAN FARID | R17: =B17 -> IYAN FARID | U17: =COUNTIF(B17:T17,"H") -> 1 | V17: =COUNTIF(B17:T17,"ST") -> 0 | W17: =COUNTIF(B17:T17,"I") -> 1 | X17: =COUNTIF(B17:T17,"S") -> 0 | Y17: =COUNTIF(B17:T17,"A") -> 0 | Z17: =B17 -> IYAN FARID
A18: 12 | B18: ='absensi setoran'!B18 -> ZAENI NURIL HIKAM | C18: ='absensi setoran'!C18 -> 12 | F18: =B18 -> ZAENI NURIL HIKAM | G18: H | I18: =B18 -> ZAENI NURIL HIKAM | J18: A | L18: =B18 -> ZAENI NURIL HIKAM | O18: =B18 -> ZAENI NURIL HIKAM | R18: =B18 -> ZAENI NURIL HIKAM | U18: =COUNTIF(B18:T18,"H") -> 1 | V18: =COUNTIF(B18:T18,"ST") -> 0 | W18: =COUNTIF(B18:T18,"I") -> 0 | X18: =COUNTIF(B18:T18,"S") -> 0 | Y18: =COUNTIF(B18:T18,"A") -> 1 | Z18: =B18 -> ZAENI NURIL HIKAM
... A24: 18 | B24: ='absensi setoran'!B24 -> AKBAR RAMADAN | C24: ='absensi setoran'!C24 -> 9 | F24: =B24 -> AKBAR RAMADAN | G24: H | I24: =B24 -> AKBAR RAMADAN | J24: H | L24: =B24 -> AKBAR RAMADAN | O24: =B24 -> AKBAR RAMADAN | R24: =B24 -> AKBAR RAMADAN | U24: =COUNTIF(B24:T24,"H") -> 2 | V24: =COUNTIF(B24:T24,"ST") -> 0 | W24: =COUNTIF(B24:T24,"I") -> 0 | X24: =COUNTIF(B24:T24,"S") -> 0 | Y24: =COUNTIF(B24:T24,"A") -> 0 | Z24: =B24 -> AKBAR RAMADAN
A25: 19 | B25: ='absensi setoran'!B25 -> #REF! | C25: ='absensi setoran'!C25 -> #REF! | F25: =B25 -> #REF! | I25: =B25 -> #REF! | J25: H | L25: =B25 -> #REF! | O25: =B25 -> #REF! | R25: =B25 -> #REF! | U25: =COUNTIF(B25:T25,"H") -> 1 | V25: =COUNTIF(B25:T25,"ST") -> 0 | W25: =COUNTIF(B25:T25,"I") -> 0 | X25: =COUNTIF(B25:T25,"S") -> 0 | Y25: =COUNTIF(B25:T25,"A") -> 0 | Z25: =B25 -> #REF!
A26: 20 | B26: ='absensi setoran'!B26 -> ABIDZAR ALGHIFARI | C26: ='absensi setoran'!C26 -> 8 | F26: =B26 -> ABIDZAR ALGHIFARI | I26: =B26 -> ABIDZAR ALGHIFARI | J26: ST | L26: =B26 -> ABIDZAR ALGHIFARI | O26: =B26 -> ABIDZAR ALGHIFARI | R26: =B26 -> ABIDZAR ALGHIFARI | U26: =COUNTIF(B26:T26,"H") -> 0 | V26: =COUNTIF(B26:T26,"ST") -> 1 | W26: =COUNTIF(B26:T26,"I") -> 0 | X26: =COUNTIF(B26:T26,"S") -> 0 | Y26: =COUNTIF(B26:T26,"A") -> 0 | Z26: =B26 -> ABIDZAR ALGHIFARI
A27: 21 | B27: ='absensi setoran'!B27 -> KAFY MUHAMMAD AZIZY | C27: ='absensi setoran'!C27 -> 7 | F27: =B27 -> KAFY MUHAMMAD AZIZY | I27: =B27 -> KAFY MUHAMMAD AZIZY | J27: H | L27: =B27 -> KAFY MUHAMMAD AZIZY | O27: =B27 -> KAFY MUHAMMAD AZIZY | R27: =B27 -> KAFY MUHAMMAD AZIZY | U27: =COUNTIF(B27:T27,"H") -> 1 | V27: =COUNTIF(B27:T27,"ST") -> 0 | W27: =COUNTIF(B27:T27,"I") -> 0 | X27: =COUNTIF(B27:T27,"S") -> 0 | Y27: =COUNTIF(B27:T27,"A") -> 0 | Z27: =B27 -> KAFY MUHAMMAD AZIZY
A28: 22 | B28: ='absensi setoran'!B28 -> #REF! | C28: ='absensi setoran'!C28 -> #REF! | F28: =B28 -> #REF! | I28: =B28 -> #REF! | J28: H | L28: =B28 -> #REF! | O28: =B28 -> #REF! | R28: =B28 -> #REF! | U28: =COUNTIF(B28:T28,"H") -> 1 | V28: =COUNTIF(B28:T28,"ST") -> 0 | W28: =COUNTIF(B28:T28,"I") -> 0 | X28: =COUNTIF(B28:T28,"S") -> 0 | Y28: =COUNTIF(B28:T28,"A") -> 0 | Z28: =B28 -> #REF!
A29: 23 | B29: ='absensi setoran'!B29 -> MUHAMMAD MUNAWWAR KHOLIL | C29: ='absensi setoran'!C29 -> 4 | F29: =B29 -> MUHAMMAD MUNAWWAR KHOLIL | I29: =B29 -> MUHAMMAD MUNAWWAR KHOLIL | J29: H | L29: =B29 -> MUHAMMAD MUNAWWAR KHOLIL | O29: =B29 -> MUHAMMAD MUNAWWAR KHOLIL | R29: =B29 -> MUHAMMAD MUNAWWAR KHOLIL | U29: =COUNTIF(B29:T29,"H") -> 1 | V29: =COUNTIF(B29:T29,"ST") -> 0 | W29: =COUNTIF(B29:T29,"I") -> 0 | X29: =COUNTIF(B29:T29,"S") -> 0 | Y29: =COUNTIF(B29:T29,"A") -> 0 | Z29: =B29 -> MUHAMMAD MUNAWWAR KHOLIL
A30: 24 | B30: ='absensi setoran'!B30 -> ALWI | C30: ='absensi setoran'!C30 -> 3 | F30: =B30 -> ALWI | I30: =B30 -> ALWI | L30: =B30 -> ALWI | O30: =B30 -> ALWI | R30: =B30 -> ALWI | U30: =COUNTIF(B30:T30,"H") -> 0 | V30: =COUNTIF(B30:T30,"ST") -> 0 | W30: =COUNTIF(B30:T30,"I") -> 0 | X30: =COUNTIF(B30:T30,"S") -> 0 | Y30: =COUNTIF(B30:T30,"A") -> 0 | Z30: =B30 -> ALWI
A31: 25 | B31: ='absensi setoran'!B31 -> PIRMAN | C31: ='absensi setoran'!C31 -> 1 | F31: =B31 -> PIRMAN | I31: =B31 -> PIRMAN | L31: =B31 -> PIRMAN | O31: =B31 -> PIRMAN | R31: =B31 -> PIRMAN | U31: =COUNTIF(B31:T31,"H") -> 0 | V31: =COUNTIF(B31:T31,"ST") -> 0 | W31: =COUNTIF(B31:T31,"I") -> 0 | X31: =COUNTIF(B31:T31,"S") -> 0 | Y31: =COUNTIF(B31:T31,"A") -> 0 | Z31: =B31 -> PIRMAN
A32: 26 | B32: ='absensi setoran'!B32 -> MUHAMMAD DENMAR NABAWI | C32: ='absensi setoran'!C32 -> 1 | F32: =B32 -> MUHAMMAD DENMAR NABAWI | I32: =B32 -> MUHAMMAD DENMAR NABAWI | L32: =B32 -> MUHAMMAD DENMAR NABAWI | O32: =B32 -> MUHAMMAD DENMAR NABAWI | R32: =B32 -> MUHAMMAD DENMAR NABAWI | U32: =COUNTIF(B32:T32,"H") -> 0 | V32: =COUNTIF(B32:T32,"ST") -> 0 | W32: =COUNTIF(B32:T32,"I") -> 0 | X32: =COUNTIF(B32:T32,"S") -> 0 | Y32: =COUNTIF(B32:T32,"A") -> 0 | Z32: =B32 -> MUHAMMAD DENMAR NABAWI
A33: 27 | B33: ='absensi setoran'!B33 -> #REF! | C33: ='absensi setoran'!C33 -> #REF! | F33: =B33 -> #REF! | I33: =B33 -> #REF! | L33: =B33 -> #REF! | O33: =B33 -> #REF! | R33: =B33 -> #REF! | U33: =COUNTIF(B33:T33,"H") -> 0 | V33: =COUNTIF(B33:T33,"ST") -> 0 | W33: =COUNTIF(B33:T33,"I") -> 0 | X33: =COUNTIF(B33:T33,"S") -> 0 | Y33: =COUNTIF(B33:T33,"A") -> 0 | Z33: =B33 -> #REF!
A34: 28 | B34: ='absensi setoran'!B34 -> #REF! | C34: ='absensi setoran'!C34 -> #REF! | F34: =B34 -> #REF! | I34: =B34 -> #REF! | L34: =B34 -> #REF! | O34: =B34 -> #REF! | R34: =B34 -> #REF! | U34: =COUNTIF(B34:T34,"H") -> 0 | V34: =COUNTIF(B34:T34,"ST") -> 0 | W34: =COUNTIF(B34:T34,"I") -> 0 | X34: =COUNTIF(B34:T34,"S") -> 0 | Y34: =COUNTIF(B34:T34,"A") -> 0 | Z34: =B34 -> #REF!
A35: ABSENSI NGAFAL
A38: MINGGU Ke 2
A39: NO | B39: NAMA | D39: SABTU 9 | F39: NAMA | G39: AHAD 10 | I39: NAMA | J39: SENIN 11 | L39: NAMA | M39: SELASA 12 | O39: NAMA | P39: RABU 13 | R39: NAMA | S39: KAMIS 14 | U39: JUMLAH ABSENSI
C40: HAFALAN | D40: MALAM | E40: SORE | G40: MALAM | H40: SORE | J40: MALAM | K40: SORE | M40: MALAM | N40: SORE | P40: MALAM | Q40: SORE | S40: MALAM | T40: SORE | U40: HADIR | V40: SAKIT | W40: IZIN | X40: SEKOLAH | Y40: ALPHA
A41: 1 | B41: ='absensi setoran'!B41 -> AYI KOSIM HATIMI | C41: ='absensi setoran'!C41 -> 30 | D41: I | E41: H | F41: =B41 -> AYI KOSIM HATIMI | H41: H | I41: =B41 -> AYI KOSIM HATIMI | L41: =B41 -> AYI KOSIM HATIMI | O41: =B41 -> AYI KOSIM HATIMI | R41: =B41 -> AYI KOSIM HATIMI | U41: =COUNTIF(B41:T41,"H") -> 2 | V41: =COUNTIF(B41:T41,"ST") -> 0 | W41: =COUNTIF(B41:T41,"I") -> 1 | X41: =COUNTIF(B41:T41,"S") -> 0 | Y41: =COUNTIF(B41:T41,"A") -> 0 | Z41: =B41 -> AYI KOSIM HATIMI
A42: 2 | B42: ='absensi setoran'!B42 -> ABRURRAHMAN AFANDI | C42: ='absensi setoran'!C42 -> 30 | D42: ST | E42: ST | F42: =B42 -> ABRURRAHMAN AFANDI | H42: ST | I42: =B42 -> ABRURRAHMAN AFANDI | L42: =B42 -> ABRURRAHMAN AFANDI | O42: =B42 -> ABRURRAHMAN AFANDI | R42: =B42 -> ABRURRAHMAN AFANDI | U42: =COUNTIF(B42:T42,"H") -> 0 | V42: =COUNTIF(B42:T42,"ST") -> 3 | W42: =COUNTIF(B42:T42,"I") -> 0 | X42: =COUNTIF(B42:T42,"S") -> 0 | Y42: =COUNTIF(B42:T42,"A") -> 0 | Z42: =B42 -> ABRURRAHMAN AFANDI
A43: 3 | B43: ='absensi setoran'!B43 -> CECEP ABDULATIF | C43: ='absensi setoran'!C43 -> 30 | D43: H | E43: H | F43: =B43 -> CECEP ABDULATIF | H43: H | I43: =B43 -> CECEP ABDULATIF | L43: =B43 -> CECEP ABDULATIF | O43: =B43 -> CECEP ABDULATIF | R43: =B43 -> CECEP ABDULATIF | U43: =COUNTIF(B43:T43,"H") -> 3 | V43: =COUNTIF(B43:T43,"ST") -> 0 | W43: =COUNTIF(B43:T43,"I") -> 0 | X43: =COUNTIF(B43:T43,"S") -> 0 | Y43: =COUNTIF(B43:T43,"A") -> 0 | Z43: =B43 -> CECEP ABDULATIF
A44: 4 | B44: ='absensi setoran'!B44 -> DONI SUPRIATNA | C44: ='absensi setoran'!C44 -> 30 | D44: H | E44: A | F44: =B44 -> DONI SUPRIATNA | H44: H | I44: =B44 -> DONI SUPRIATNA | L44: =B44 -> DONI SUPRIATNA | O44: =B44 -> DONI SUPRIATNA | R44: =B44 -> DONI SUPRIATNA | U44: =COUNTIF(B44:T44,"H") -> 2 | V44: =COUNTIF(B44:T44,"ST") -> 0 | W44: =COUNTIF(B44:T44,"I") -> 0 | X44: =COUNTIF(B44:T44,"S") -> 0 | Y44: =COUNTIF(B44:T44,"A") -> 1 | Z44: =B44 -> DONI SUPRIATNA
A45: 5 | B45: ='absensi setoran'!B45 -> #REF! | C45: ='absensi setoran'!C45 -> #REF! | D45: H | E45: A | F45: =B45 -> #REF! | H45: H | I45: =B45 -> #REF! | L45: =B45 -> #REF! | O45: =B45 -> #REF! | R45: =B45 -> #REF! | U45: =COUNTIF(B45:T45,"H") -> 2 | V45: =COUNTIF(B45:T45,"ST") -> 0 | W45: =COUNTIF(B45:T45,"I") -> 0 | X45: =COUNTIF(B45:T45,"S") -> 0 | Y45: =COUNTIF(B45:T45,"A") -> 1 | Z45: =B45 -> #REF!
A46: 6 | B46: ='absensi setoran'!B46 -> ZAKY AZHARI | C46: ='absensi setoran'!C46 -> 30 | D46: H | E46: A | F46: =B46 -> ZAKY AZHARI | H46: I | I46: =B46 -> ZAKY AZHARI | L46: =B46 -> ZAKY AZHARI | O46: =B46 -> ZAKY AZHARI | R46: =B46 -> ZAKY AZHARI | U46: =COUNTIF(B46:T46,"H") -> 1 | V46: =COUNTIF(B46:T46,"ST") -> 0 | W46: =COUNTIF(B46:T46,"I") -> 1 | X46: =COUNTIF(B46:T46,"S") -> 0 | Y46: =COUNTIF(B46:T46,"A") -> 1 | Z46: =B46 -> ZAKY AZHARI
A47: 7 | B47: ='absensi setoran'!B47 -> MUHAMMAD FAUZIL ADZIM | C47: ='absensi setoran'!C47 -> 30 | D47: H | E47: H | F47: =B47 -> MUHAMMAD FAUZIL ADZIM | H47: I | I47: =B47 -> MUHAMMAD FAUZIL ADZIM | L47: =B47 -> MUHAMMAD FAUZIL ADZIM | O47: =B47 -> MUHAMMAD FAUZIL ADZIM | R47: =B47 -> MUHAMMAD FAUZIL ADZIM | U47: =COUNTIF(B47:T47,"H") -> 2 | V47: =COUNTIF(B47:T47,"ST") -> 0 | W47: =COUNTIF(B47:T47,"I") -> 1 | X47: =COUNTIF(B47:T47,"S") -> 0 | Y47: =COUNTIF(B47:T47,"A") -> 0 | Z47: =B47 -> MUHAMMAD FAUZIL ADZIM
A48: 8 | B48: ='absensi setoran'!B48 -> MUHAMMAD DZIKRI HUSAENI | C48: ='absensi setoran'!C48 -> 18 | D48: H | E48: A | F48: =B48 -> MUHAMMAD DZIKRI HUSAENI | H48: H | I48: =B48 -> MUHAMMAD DZIKRI HUSAENI | L48: =B48 -> MUHAMMAD DZIKRI HUSAENI | O48: =B48 -> MUHAMMAD DZIKRI HUSAENI | R48: =B48 -> MUHAMMAD DZIKRI HUSAENI | U48: =COUNTIF(B48:T48,"H") -> 2 | V48: =COUNTIF(B48:T48,"ST") -> 0 | W48: =COUNTIF(B48:T48,"I") -> 0 | X48: =COUNTIF(B48:T48,"S") -> 0 | Y48: =COUNTIF(B48:T48,"A") -> 1 | Z48: =B48 -> MUHAMMAD DZIKRI HUSAENI
A49: 9 | B49: ='absensi setoran'!B49 -> #REF! | C49: ='absensi setoran'!C49 -> #REF! | D49: I | E49: A | F49: =B49 -> #REF! | H49: A | I49: =B49 -> #REF! | L49: =B49 -> #REF! | O49: =B49 -> #REF! | R49: =B49 -> #REF! | U49: =COUNTIF(B49:T49,"H") -> 0 | V49: =COUNTIF(B49:T49,"ST") -> 0 | W49: =COUNTIF(B49:T49,"I") -> 1 | X49: =COUNTIF(B49:T49,"S") -> 0 | Y49: =COUNTIF(B49:T49,"A") -> 2 | Z49: =B49 -> #REF!
A50: 10 | B50: ='absensi setoran'!B50 -> ABDUL KHOLIQ | C50: ='absensi setoran'!C50 -> 14 | D50: H | E50: A | F50: =B50 -> ABDUL KHOLIQ | H50: H | I50: =B50 -> ABDUL KHOLIQ | L50: =B50 -> ABDUL KHOLIQ | O50: =B50 -> ABDUL KHOLIQ | R50: =B50 -> ABDUL KHOLIQ | U50: =COUNTIF(B50:T50,"H") -> 2 | V50: =COUNTIF(B50:T50,"ST") -> 0 | W50: =COUNTIF(B50:T50,"I") -> 0 | X50: =COUNTIF(B50:T50,"S") -> 0 | Y50: =COUNTIF(B50:T50,"A") -> 1 | Z50: =B50 -> ABDUL KHOLIQ
A51: 11 | B51: ='absensi setoran'!B51 -> IYAN FARID | C51: ='absensi setoran'!C51 -> 13 | D51: H | E51: A | F51: =B51 -> IYAN FARID | H51: A | I51: =B51 -> IYAN FARID | L51: =B51 -> IYAN FARID | O51: =B51 -> IYAN FARID | R51: =B51 -> IYAN FARID | U51: =COUNTIF(B51:T51,"H") -> 1 | V51: =COUNTIF(B51:T51,"ST") -> 0 | W51: =COUNTIF(B51:T51,"I") -> 0 | X51: =COUNTIF(B51:T51,"S") -> 0 | Y51: =COUNTIF(B51:T51,"A") -> 2 | Z51: =B51 -> IYAN FARID
A52: 12 | B52: ='absensi setoran'!B52 -> ZAENI NURIL HIKAM | C52: ='absensi setoran'!C52 -> 12 | D52: H | E52: H | F52: =B52 -> ZAENI NURIL HIKAM | H52: H | I52: =B52 -> ZAENI NURIL HIKAM | L52: =B52 -> ZAENI NURIL HIKAM | O52: =B52 -> ZAENI NURIL HIKAM | R52: =B52 -> ZAENI NURIL HIKAM | U52: =COUNTIF(B52:T52,"H") -> 3 | V52: =COUNTIF(B52:T52,"ST") -> 0 | W52: =COUNTIF(B52:T52,"I") -> 0 | X52: =COUNTIF(B52:T52,"S") -> 0 | Y52: =COUNTIF(B52:T52,"A") -> 0 | Z52: =B52 -> ZAENI NURIL HIKAM
... A62: 22 | B62: ='absensi setoran'!B62 -> #REF! | C62: ='absensi setoran'!C62 -> #REF! | D62: H | E62: A | F62: =B62 -> #REF! | H62: A | I62: =B62 -> #REF! | L62: =B62 -> #REF! | O62: =B62 -> #REF! | R62: =B62 -> #REF! | U62: =COUNTIF(B62:T62,"H") -> 1 | V62: =COUNTIF(B62:T62,"ST") -> 0 | W62: =COUNTIF(B62:T62,"I") -> 0 | X62: =COUNTIF(B62:T62,"S") -> 0 | Y62: =COUNTIF(B62:T62,"A") -> 2 | Z62: =B62 -> #REF!
A63: 23 | B63: ='absensi setoran'!B63 -> MUHAMMAD MUNAWWAR KHOLIL | C63: ='absensi setoran'!C63 -> 4 | D63: H | E63: H | F63: =B63 -> MUHAMMAD MUNAWWAR KHOLIL | I63: =B63 -> MUHAMMAD MUNAWWAR KHOLIL | L63: =B63 -> MUHAMMAD MUNAWWAR KHOLIL | O63: =B63 -> MUHAMMAD MUNAWWAR KHOLIL | R63: =B63 -> MUHAMMAD MUNAWWAR KHOLIL | U63: =COUNTIF(B63:T63,"H") -> 2 | V63: =COUNTIF(B63:T63,"ST") -> 0 | W63: =COUNTIF(B63:T63,"I") -> 0 | X63: =COUNTIF(B63:T63,"S") -> 0 | Y63: =COUNTIF(B63:T63,"A") -> 0 | Z63: =B63 -> MUHAMMAD MUNAWWAR KHOLIL
A64: 24 | B64: ='absensi setoran'!B64 -> ALWI | C64: ='absensi setoran'!C64 -> 3 | F64: =B64 -> ALWI | I64: =B64 -> ALWI | L64: =B64 -> ALWI | O64: =B64 -> ALWI | R64: =B64 -> ALWI | U64: =COUNTIF(B64:T64,"H") -> 0 | V64: =COUNTIF(B64:T64,"ST") -> 0 | W64: =COUNTIF(B64:T64,"I") -> 0 | X64: =COUNTIF(B64:T64,"S") -> 0 | Y64: =COUNTIF(B64:T64,"A") -> 0 | Z64: =B64 -> ALWI
A65: 25 | B65: ='absensi setoran'!B65 -> PIRMAN | C65: ='absensi setoran'!C65 -> 1 | F65: =B65 -> PIRMAN | I65: =B65 -> PIRMAN | L65: =B65 -> PIRMAN | O65: =B65 -> PIRMAN | R65: =B65 -> PIRMAN | U65: =COUNTIF(B65:T65,"H") -> 0 | V65: =COUNTIF(B65:T65,"ST") -> 0 | W65: =COUNTIF(B65:T65,"I") -> 0 | X65: =COUNTIF(B65:T65,"S") -> 0 | Y65: =COUNTIF(B65:T65,"A") -> 0 | Z65: =B65 -> PIRMAN
A66: 26 | B66: ='absensi setoran'!B66 -> MUHAMMAD DENMAR NABAWI | C66: ='absensi setoran'!C66 -> 1 | F66: =B66 -> MUHAMMAD DENMAR NABAWI | I66: =B66 -> MUHAMMAD DENMAR NABAWI | L66: =B66 -> MUHAMMAD DENMAR NABAWI | O66: =B66 -> MUHAMMAD DENMAR NABAWI | R66: =B66 -> MUHAMMAD DENMAR NABAWI | U66: =COUNTIF(B66:T66,"H") -> 0 | V66: =COUNTIF(B66:T66,"ST") -> 0 | W66: =COUNTIF(B66:T66,"I") -> 0 | X66: =COUNTIF(B66:T66,"S") -> 0 | Y66: =COUNTIF(B66:T66,"A") -> 0 | Z66: =B66 -> MUHAMMAD DENMAR NABAWI
A67: 27 | B67: ='absensi setoran'!B67 -> #REF! | C67: ='absensi setoran'!C67 -> #REF! | F67: =B67 -> #REF! | I67: =B67 -> #REF! | L67: =B67 -> #REF! | O67: =B67 -> #REF! | R67: =B67 -> #REF! | U67: =COUNTIF(B67:T67,"H") -> 0 | V67: =COUNTIF(B67:T67,"ST") -> 0 | W67: =COUNTIF(B67:T67,"I") -> 0 | X67: =COUNTIF(B67:T67,"S") -> 0 | Y67: =COUNTIF(B67:T67,"A") -> 0 | Z67: =B67 -> #REF!
A68: 28 | B68: ='absensi setoran'!B68 -> #REF! | C68: ='absensi setoran'!C68 -> #REF! | F68: =B68 -> #REF! | I68: =B68 -> #REF! | L68: =B68 -> #REF! | O68: =B68 -> #REF! | R68: =B68 -> #REF! | U68: =COUNTIF(B68:T68,"H") -> 0 | V68: =COUNTIF(B68:T68,"ST") -> 0 | W68: =COUNTIF(B68:T68,"I") -> 0 | X68: =COUNTIF(B68:T68,"S") -> 0 | Y68: =COUNTIF(B68:T68,"A") -> 0 | Z68: =B68 -> #REF!
A69: ABSENSI NGAFAL
A72: MINGGU Ke 3
A73: NO | B73: NAMA | D73: SABTU 16 | F73: NAMA | G73: AHAD 17 | I73: NAMA | J73: SENIN 18 | L73: NAMA | M73: SELASA 19 | O73: NAMA | P73: RABU 20 | R73: NAMA | S73: KAMIS 21 | U73: JUMLAH ABSENSI
C74: HAFALAN | D74: MALAM | E74: SORE | G74: MALAM | H74: SORE | J74: MALAM | K74: SORE | M74: MALAM | N74: SORE | P74: MALAM | Q74: SORE | S74: MALAM | T74: SORE | U74: HADIR | V74: SAKIT | W74: IZIN | X74: SEKOLAH | Y74: ALPHA
A75: 1 | B75: ='absensi setoran'!B75 -> AYI KOSIM HATIMI | C75: ='absensi setoran'!C75 -> 30 | F75: =B75 -> AYI KOSIM HATIMI | I75: =B75 -> AYI KOSIM HATIMI | L75: =B75 -> AYI KOSIM HATIMI | O75: =B75 -> AYI KOSIM HATIMI | R75: =B75 -> AYI KOSIM HATIMI | U75: =COUNTIF(B75:T75,"H") -> 0 | V75: =COUNTIF(B75:T75,"ST") -> 0 | W75: =COUNTIF(B75:T75,"I") -> 0 | X75: =COUNTIF(B75:T75,"S") -> 0 | Y75: =COUNTIF(B75:T75,"A") -> 0 | Z75: =B75 -> AYI KOSIM HATIMI
A76: 2 | B76: ='absensi setoran'!B76 -> ABRURRAHMAN AFANDI | C76: ='absensi setoran'!C76 -> 30 | F76: =B76 -> ABRURRAHMAN AFANDI | I76: =B76 -> ABRURRAHMAN AFANDI | L76: =B76 -> ABRURRAHMAN AFANDI | O76: =B76 -> ABRURRAHMAN AFANDI | R76: =B76 -> ABRURRAHMAN AFANDI | U76: =COUNTIF(B76:T76,"H") -> 0 | V76: =COUNTIF(B76:T76,"ST") -> 0 | W76: =COUNTIF(B76:T76,"I") -> 0 | X76: =COUNTIF(B76:T76,"S") -> 0 | Y76: =COUNTIF(B76:T76,"A") -> 0 | Z76: =B76 -> ABRURRAHMAN AFANDI
A77: 3 | B77: ='absensi setoran'!B77 -> CECEP ABDULATIF | C77: ='absensi setoran'!C77 -> 30 | F77: =B77 -> CECEP ABDULATIF | I77: =B77 -> CECEP ABDULATIF | L77: =B77 -> CECEP ABDULATIF | O77: =B77 -> CECEP ABDULATIF | R77: =B77 -> CECEP ABDULATIF | U77: =COUNTIF(B77:T77,"H") -> 0 | V77: =COUNTIF(B77:T77,"ST") -> 0 | W77: =COUNTIF(B77:T77,"I") -> 0 | X77: =COUNTIF(B77:T77,"S") -> 0 | Y77: =COUNTIF(B77:T77,"A") -> 0 | Z77: =B77 -> CECEP ABDULATIF
A78: 4 | B78: ='absensi setoran'!B78 -> DONI SUPRIATNA | C78: ='absensi setoran'!C78 -> 30 | F78: =B78 -> DONI SUPRIATNA | I78: =B78 -> DONI SUPRIATNA | L78: =B78 -> DONI SUPRIATNA | O78: =B78 -> DONI SUPRIATNA | R78: =B78 -> DONI SUPRIATNA | U78: =COUNTIF(B78:T78,"H") -> 0 | V78: =COUNTIF(B78:T78,"ST") -> 0 | W78: =COUNTIF(B78:T78,"I") -> 0 | X78: =COUNTIF(B78:T78,"S") -> 0 | Y78: =COUNTIF(B78:T78,"A") -> 0 | Z78: =B78 -> DONI SUPRIATNA
A79: 5 | B79: ='absensi setoran'!B79 -> #REF! | C79: ='absensi setoran'!C79 -> #REF! | F79: =B79 -> #REF! | I79: =B79 -> #REF! | L79: =B79 -> #REF! | O79: =B79 -> #REF! | R79: =B79 -> #REF! | U79: =COUNTIF(B79:T79,"H") -> 0 | V79: =COUNTIF(B79:T79,"ST") -> 0 | W79: =COUNTIF(B79:T79,"I") -> 0 | X79: =COUNTIF(B79:T79,"S") -> 0 | Y79: =COUNTIF(B79:T79,"A") -> 0 | Z79: =B79 -> #REF!
A80: 6 | B80: ='absensi setoran'!B80 -> ZAKY AZHARI | C80: ='absensi setoran'!C80 -> 30 | F80: =B80 -> ZAKY AZHARI | I80: =B80 -> ZAKY AZHARI | L80: =B80 -> ZAKY AZHARI | O80: =B80 -> ZAKY AZHARI | R80: =B80 -> ZAKY AZHARI | U80: =COUNTIF(B80:T80,"H") -> 0 | V80: =COUNTIF(B80:T80,"ST") -> 0 | W80: =COUNTIF(B80:T80,"I") -> 0 | X80: =COUNTIF(B80:T80,"S") -> 0 | Y80: =COUNTIF(B80:T80,"A") -> 0 | Z80: =B80 -> ZAKY AZHARI
A81: 7 | B81: ='absensi setoran'!B81 -> MUHAMMAD FAUZIL ADZIM | C81: ='absensi setoran'!C81 -> 30 | F81: =B81 -> MUHAMMAD FAUZIL ADZIM | I81: =B81 -> MUHAMMAD FAUZIL ADZIM | L81: =B81 -> MUHAMMAD FAUZIL ADZIM | O81: =B81 -> MUHAMMAD FAUZIL ADZIM | R81: =B81 -> MUHAMMAD FAUZIL ADZIM | U81: =COUNTIF(B81:T81,"H") -> 0 | V81: =COUNTIF(B81:T81,"ST") -> 0 | W81: =COUNTIF(B81:T81,"I") -> 0 | X81: =COUNTIF(B81:T81,"S") -> 0 | Y81: =COUNTIF(B81:T81,"A") -> 0 | Z81: =B81 -> MUHAMMAD FAUZIL ADZIM
A82: 8 | B82: ='absensi setoran'!B82 -> MUHAMMAD DZIKRI HUSAENI | C82: ='absensi setoran'!C82 -> 18 | F82: =B82 -> MUHAMMAD DZIKRI HUSAENI | I82: =B82 -> MUHAMMAD DZIKRI HUSAENI | L82: =B82 -> MUHAMMAD DZIKRI HUSAENI | O82: =B82 -> MUHAMMAD DZIKRI HUSAENI | R82: =B82 -> MUHAMMAD DZIKRI HUSAENI | U82: =COUNTIF(B82:T82,"H") -> 0 | V82: =COUNTIF(B82:T82,"ST") -> 0 | W82: =COUNTIF(B82:T82,"I") -> 0 | X82: =COUNTIF(B82:T82,"S") -> 0 | Y82: =COUNTIF(B82:T82,"A") -> 0 | Z82: =B82 -> MUHAMMAD DZIKRI HUSAENI
A83: 9 | B83: ='absensi setoran'!B83 -> #REF! | C83: ='absensi setoran'!C83 -> #REF! | F83: =B83 -> #REF! | I83: =B83 -> #REF! | L83: =B83 -> #REF! | O83: =B83 -> #REF! | R83: =B83 -> #REF! | U83: =COUNTIF(B83:T83,"H") -> 0 | V83: =COUNTIF(B83:T83,"ST") -> 0 | W83: =COUNTIF(B83:T83,"I") -> 0 | X83: =COUNTIF(B83:T83,"S") -> 0 | Y83: =COUNTIF(B83:T83,"A") -> 0 | Z83: =B83 -> #REF!
A84: 10 | B84: ='absensi setoran'!B84 -> ABDUL KHOLIQ | C84: ='absensi setoran'!C84 -> 14 | F84: =B84 -> ABDUL KHOLIQ | I84: =B84 -> ABDUL KHOLIQ | L84: =B84 -> ABDUL KHOLIQ | O84: =B84 -> ABDUL KHOLIQ | R84: =B84 -> ABDUL KHOLIQ | U84: =COUNTIF(B84:T84,"H") -> 0 | V84: =COUNTIF(B84:T84,"ST") -> 0 | W84: =COUNTIF(B84:T84,"I") -> 0 | X84: =COUNTIF(B84:T84,"S") -> 0 | Y84: =COUNTIF(B84:T84,"A") -> 0 | Z84: =B84 -> ABDUL KHOLIQ
A85: 11 | B85: ='absensi setoran'!B85 -> IYAN FARID | C85: ='absensi setoran'!C85 -> 13 | F85: =B85 -> IYAN FARID | I85: =B85 -> IYAN FARID | L85: =B85 -> IYAN FARID | O85: =B85 -> IYAN FARID | R85: =B85 -> IYAN FARID | U85: =COUNTIF(B85:T85,"H") -> 0 | V85: =COUNTIF(B85:T85,"ST") -> 0 | W85: =COUNTIF(B85:T85,"I") -> 0 | X85: =COUNTIF(B85:T85,"S") -> 0 | Y85: =COUNTIF(B85:T85,"A") -> 0 | Z85: =B85 -> IYAN FARID
A86: 12 | B86: ='absensi setoran'!B86 -> ZAENI NURIL HIKAM | C86: ='absensi setoran'!C86 -> 12 | F86: =B86 -> ZAENI NURIL HIKAM | I86: =B86 -> ZAENI NURIL HIKAM | L86: =B86 -> ZAENI NURIL HIKAM | O86: =B86 -> ZAENI NURIL HIKAM | R86: =B86 -> ZAENI NURIL HIKAM | U86: =COUNTIF(B86:T86,"H") -> 0 | V86: =COUNTIF(B86:T86,"ST") -> 0 | W86: =COUNTIF(B86:T86,"I") -> 0 | X86: =COUNTIF(B86:T86,"S") -> 0 | Y86: =COUNTIF(B86:T86,"A") -> 0 | Z86: =B86 -> ZAENI NURIL HIKAM
... A102: 28 | B102: ='absensi setoran'!B102 -> #REF! | C102: ='absensi setoran'!C102 -> Tahsin | F102: =B102 -> #REF! | I102: =B102 -> #REF! | L102: =B102 -> #REF! | O102: =B102 -> #REF! | R102: =B102 -> #REF! | U102: =COUNTIF(B102:T102,"H") -> 0 | V102: =COUNTIF(B102:T102,"ST") -> 0 | W102: =COUNTIF(B102:T102,"I") -> 0 | X102: =COUNTIF(B102:T102,"S") -> 0 | Y102: =COUNTIF(B102:T102,"A") -> 0 | Z102: =B102 -> #REF!
A103: ABSENSI NGAFAL
A106: MINGGU Ke 4
A107: NO | B107: NAMA | D107: SABTU 23 | F107: NAMA | G107: AHAD 24 | I107: NAMA | J107: SENIN 25 | L107: NAMA | M107: SELASA 26 | O107: NAMA | P107: RABU 27 | R107: NAMA | S107: KAMIS 28 | U107: JUMLAH ABSENSI
C108: HAFALAN | D108: MALAM | E108: SORE | G108: MALAM | H108: SORE | J108: MALAM | K108: SORE | M108: MALAM | N108: SORE | P108: MALAM | Q108: SORE | S108: MALAM | T108: SORE | U108: HADIR | V108: SAKIT | W108: IZIN | X108: SEKOLAH | Y108: ALPHA
A109: 1 | B109: ='absensi setoran'!B109 -> AYI KOSIM HATIMI | C109: ='absensi setoran'!C109 -> 30 | F109: =B109 -> AYI KOSIM HATIMI | I109: =B109 -> AYI KOSIM HATIMI | L109: =B109 -> AYI KOSIM HATIMI | O109: =B109 -> AYI KOSIM HATIMI | P109: H | R109: =B109 -> AYI KOSIM HATIMI | U109: =COUNTIF(B109:T109,"H") -> 1 | V109: =COUNTIF(B109:T109,"ST") -> 0 | W109: =COUNTIF(B109:T109,"I") -> 0 | X109: =COUNTIF(B109:T109,"S") -> 0 | Y109: =COUNTIF(B109:T109,"A") -> 0 | Z109: =B109 -> AYI KOSIM HATIMI
A110: 2 | B110: ='absensi setoran'!B110 -> ABRURRAHMAN AFANDI | C110: ='absensi setoran'!C110 -> 30 | F110: =B110 -> ABRURRAHMAN AFANDI | I110: =B110 -> ABRURRAHMAN AFANDI | L110: =B110 -> ABRURRAHMAN AFANDI | O110: =B110 -> ABRURRAHMAN AFANDI | P110: A | R110: =B110 -> ABRURRAHMAN AFANDI | U110: =COUNTIF(B110:T110,"H") -> 0 | V110: =COUNTIF(B110:T110,"ST") -> 0 | W110: =COUNTIF(B110:T110,"I") -> 0 | X110: =COUNTIF(B110:T110,"S") -> 0 | Y110: =COUNTIF(B110:T110,"A") -> 1 | Z110: =B110 -> ABRURRAHMAN AFANDI
A111: 3 | B111: ='absensi setoran'!B111 -> CECEP ABDULATIF | C111: ='absensi setoran'!C111 -> 30 | F111: =B111 -> CECEP ABDULATIF | I111: =B111 -> CECEP ABDULATIF | L111: =B111 -> CECEP ABDULATIF | O111: =B111 -> CECEP ABDULATIF | R111: =B111 -> CECEP ABDULATIF | U111: =COUNTIF(B111:T111,"H") -> 0 | V111: =COUNTIF(B111:T111,"ST") -> 0 | W111: =COUNTIF(B111:T111,"I") -> 0 | X111: =COUNTIF(B111:T111,"S") -> 0 | Y111: =COUNTIF(B111:T111,"A") -> 0 | Z111: =B111 -> CECEP ABDULATIF
A112: 4 | B112: ='absensi setoran'!B112 -> DONI SUPRIATNA | C112: ='absensi setoran'!C112 -> 30 | F112: =B112 -> DONI SUPRIATNA | I112: =B112 -> DONI SUPRIATNA | L112: =B112 -> DONI SUPRIATNA | O112: =B112 -> DONI SUPRIATNA | P112: H | R112: =B112 -> DONI SUPRIATNA | U112: =COUNTIF(B112:T112,"H") -> 1 | V112: =COUNTIF(B112:T112,"ST") -> 0 | W112: =COUNTIF(B112:T112,"I") -> 0 | X112: =COUNTIF(B112:T112,"S") -> 0 | Y112: =COUNTIF(B112:T112,"A") -> 0 | Z112: =B112 -> DONI SUPRIATNA
A113: 5 | B113: ='absensi setoran'!B113 -> #REF! | C113: ='absensi setoran'!C113 -> #REF! | F113: =B113 -> #REF! | I113: =B113 -> #REF! | L113: =B113 -> #REF! | O113: =B113 -> #REF! | P113: A | R113: =B113 -> #REF! | U113: =COUNTIF(B113:T113,"H") -> 0 | V113: =COUNTIF(B113:T113,"ST") -> 0 | W113: =COUNTIF(B113:T113,"I") -> 0 | X113: =COUNTIF(B113:T113,"S") -> 0 | Y113: =COUNTIF(B113:T113,"A") -> 1 | Z113: =B113 -> #REF!
A114: 6 | B114: ='absensi setoran'!B114 -> ZAKY AZHARI | C114: ='absensi setoran'!C114 -> 30 | F114: =B114 -> ZAKY AZHARI | I114: =B114 -> ZAKY AZHARI | L114: =B114 -> ZAKY AZHARI | O114: =B114 -> ZAKY AZHARI | P114: A | R114: =B114 -> ZAKY AZHARI | U114: =COUNTIF(B114:T114,"H") -> 0 | V114: =COUNTIF(B114:T114,"ST") -> 0 | W114: =COUNTIF(B114:T114,"I") -> 0 | X114: =COUNTIF(B114:T114,"S") -> 0 | Y114: =COUNTIF(B114:T114,"A") -> 1 | Z114: =B114 -> ZAKY AZHARI
A115: 7 | B115: ='absensi setoran'!B115 -> MUHAMMAD FAUZIL ADZIM | C115: ='absensi setoran'!C115 -> 30 | F115: =B115 -> MUHAMMAD FAUZIL ADZIM | I115: =B115 -> MUHAMMAD FAUZIL ADZIM | L115: =B115 -> MUHAMMAD FAUZIL ADZIM | O115: =B115 -> MUHAMMAD FAUZIL ADZIM | R115: =B115 -> MUHAMMAD FAUZIL ADZIM | U115: =COUNTIF(B115:T115,"H") -> 0 | V115: =COUNTIF(B115:T115,"ST") -> 0 | W115: =COUNTIF(B115:T115,"I") -> 0 | X115: =COUNTIF(B115:T115,"S") -> 0 | Y115: =COUNTIF(B115:T115,"A") -> 0 | Z115: =B115 -> MUHAMMAD FAUZIL ADZIM
A116: 8 | B116: ='absensi setoran'!B116 -> MUHAMMAD DZIKRI HUSAENI | C116: ='absensi setoran'!C116 -> 18 | F116: =B116 -> MUHAMMAD DZIKRI HUSAENI | I116: =B116 -> MUHAMMAD DZIKRI HUSAENI | L116: =B116 -> MUHAMMAD DZIKRI HUSAENI | O116: =B116 -> MUHAMMAD DZIKRI HUSAENI | R116: =B116 -> MUHAMMAD DZIKRI HUSAENI | U116: =COUNTIF(B116:T116,"H") -> 0 | V116: =COUNTIF(B116:T116,"ST") -> 0 | W116: =COUNTIF(B116:T116,"I") -> 0 | X116: =COUNTIF(B116:T116,"S") -> 0 | Y116: =COUNTIF(B116:T116,"A") -> 0 | Z116: =B116 -> MUHAMMAD DZIKRI HUSAENI
A117: 9 | B117: ='absensi setoran'!B117 -> #REF! | C117: ='absensi setoran'!C117 -> #REF! | F117: =B117 -> #REF! | I117: =B117 -> #REF! | L117: =B117 -> #REF! | O117: =B117 -> #REF! | P117: H | R117: =B117 -> #REF! | U117: =COUNTIF(B117:T117,"H") -> 1 | V117: =COUNTIF(B117:T117,"ST") -> 0 | W117: =COUNTIF(B117:T117,"I") -> 0 | X117: =COUNTIF(B117:T117,"S") -> 0 | Y117: =COUNTIF(B117:T117,"A") -> 0 | Z117: =B117 -> #REF!
A118: 10 | B118: ='absensi setoran'!B118 -> ABDUL KHOLIQ | C118: ='absensi setoran'!C118 -> 14 | F118: =B118 -> ABDUL KHOLIQ | I118: =B118 -> ABDUL KHOLIQ | L118: =B118 -> ABDUL KHOLIQ | O118: =B118 -> ABDUL KHOLIQ | P118: H | R118: =B118 -> ABDUL KHOLIQ | U118: =COUNTIF(B118:T118,"H") -> 1 | V118: =COUNTIF(B118:T118,"ST") -> 0 | W118: =COUNTIF(B118:T118,"I") -> 0 | X118: =COUNTIF(B118:T118,"S") -> 0 | Y118: =COUNTIF(B118:T118,"A") -> 0 | Z118: =B118 -> ABDUL KHOLIQ
A119: 11 | B119: ='absensi setoran'!B119 -> IYAN FARID | C119: ='absensi setoran'!C119 -> 13 | F119: =B119 -> IYAN FARID | I119: =B119 -> IYAN FARID | L119: =B119 -> IYAN FARID | O119: =B119 -> IYAN FARID | R119: =B119 -> IYAN FARID | U119: =COUNTIF(B119:T119,"H") -> 0 | V119: =COUNTIF(B119:T119,"ST") -> 0 | W119: =COUNTIF(B119:T119,"I") -> 0 | X119: =COUNTIF(B119:T119,"S") -> 0 | Y119: =COUNTIF(B119:T119,"A") -> 0 | Z119: =B119 -> IYAN FARID
A120: 12 | B120: ='absensi setoran'!B120 -> ZAENI NURIL HIKAM | C120: ='absensi setoran'!C120 -> 12 | F120: =B120 -> ZAENI NURIL HIKAM | I120: =B120 -> ZAENI NURIL HIKAM | L120: =B120 -> ZAENI NURIL HIKAM | O120: =B120 -> ZAENI NURIL HIKAM | P120: H | R120: =B120 -> ZAENI NURIL HIKAM | U120: =COUNTIF(B120:T120,"H") -> 1 | V120: =COUNTIF(B120:T120,"ST") -> 0 | W120: =COUNTIF(B120:T120,"I") -> 0 | X120: =COUNTIF(B120:T120,"S") -> 0 | Y120: =COUNTIF(B120:T120,"A") -> 0 | Z120: =B120 -> ZAENI NURIL HIKAM
A121: 13 | B121: ='absensi setoran'!B121 -> LUCKY KURNIAWAN | C121: ='absensi setoran'!C121 -> 12 | F121: =B121 -> LUCKY KURNIAWAN | I121: =B121 -> LUCKY KURNIAWAN | L121: =B121 -> LUCKY KURNIAWAN | O121: =B121 -> LUCKY KURNIAWAN | P121: A | R121: =B121 -> LUCKY KURNIAWAN | U121: =COUNTIF(B121:T121,"H") -> 0 | V121: =COUNTIF(B121:T121,"ST") -> 0 | W121: =COUNTIF(B121:T121,"I") -> 0 | X121: =COUNTIF(B121:T121,"S") -> 0 | Y121: =COUNTIF(B121:T121,"A") -> 1 | Z121: =B121 -> LUCKY KURNIAWAN
A122: 14 | B122: ='absensi setoran'!B122 -> MUHAMMAD RAFIK MUHARAM | C122: ='absensi setoran'!C122 -> 12 | F122: =B122 -> MUHAMMAD RAFIK MUHARAM | I122: =B122 -> MUHAMMAD RAFIK MUHARAM | L122: =B122 -> MUHAMMAD RAFIK MUHARAM | O122: =B122 -> MUHAMMAD RAFIK MUHARAM | R122: =B122 -> MUHAMMAD RAFIK MUHARAM | U122: =COUNTIF(B122:T122,"H") -> 0 | V122: =COUNTIF(B122:T122,"ST") -> 0 | W122: =COUNTIF(B122:T122,"I") -> 0 | X122: =COUNTIF(B122:T122,"S") -> 0 | Y122: =COUNTIF(B122:T122,"A") -> 0 | Z122: =B122 -> MUHAMMAD RAFIK MUHARAM
A123: 15 | B123: ='absensi setoran'!B123 -> UMAR ABDUL MALIK | C123: ='absensi setoran'!C123 -> 11 | F123: =B123 -> UMAR ABDUL MALIK | I123: =B123 -> UMAR ABDUL MALIK | L123: =B123 -> UMAR ABDUL MALIK | O123: =B123 -> UMAR ABDUL MALIK | P123: A | R123: =B123 -> UMAR ABDUL MALIK | U123: =COUNTIF(B123:T123,"H") -> 0 | V123: =COUNTIF(B123:T123,"ST") -> 0 | W123: =COUNTIF(B123:T123,"I") -> 0 | X123: =COUNTIF(B123:T123,"S") -> 0 | Y123: =COUNTIF(B123:T123,"A") -> 1 | Z123: =B123 -> UMAR ABDUL MALIK
A124: 16 | B124: ='absensi setoran'!B124 -> AHMAD HAFIDZ ALHAWARI | C124: ='absensi setoran'!C124 -> 10 | F124: =B124 -> AHMAD HAFIDZ ALHAWARI | I124: =B124 -> AHMAD HAFIDZ ALHAWARI | L124: =B124 -> AHMAD HAFIDZ ALHAWARI | O124: =B124 -> AHMAD HAFIDZ ALHAWARI | P124: H | R124: =B124 -> AHMAD HAFIDZ ALHAWARI | U124: =COUNTIF(B124:T124,"H") -> 1 | V124: =COUNTIF(B124:T124,"ST") -> 0 | W124: =COUNTIF(B124:T124,"I") -> 0 | X124: =COUNTIF(B124:T124,"S") -> 0 | Y124: =COUNTIF(B124:T124,"A") -> 0 | Z124: =B124 -> AHMAD HAFIDZ ALHAWARI
A125: 17 | B125: ='absensi setoran'!B125 -> MUHAMMAD FAUZAN | C125: ='absensi setoran'!C125 -> 10 | F125: =B125 -> MUHAMMAD FAUZAN | I125: =B125 -> MUHAMMAD FAUZAN | L125: =B125 -> MUHAMMAD FAUZAN | O125: =B125 -> MUHAMMAD FAUZAN | P125: H | R125: =B125 -> MUHAMMAD FAUZAN | U125: =COUNTIF(B125:T125,"H") -> 1 | V125: =COUNTIF(B125:T125,"ST") -> 0 | W125: =COUNTIF(B125:T125,"I") -> 0 | X125: =COUNTIF(B125:T125,"S") -> 0 | Y125: =COUNTIF(B125:T125,"A") -> 0 | Z125: =B125 -> MUHAMMAD FAUZAN
A126: 18 | B126: ='absensi setoran'!B126 -> AKBAR RAMADAN | C126: ='absensi setoran'!C126 -> 9 | F126: =B126 -> AKBAR RAMADAN | I126: =B126 -> AKBAR RAMADAN | L126: =B126 -> AKBAR RAMADAN | O126: =B126 -> AKBAR RAMADAN | P126: H | R126: =B126 -> AKBAR RAMADAN | U126: =COUNTIF(B126:T126,"H") -> 1 | V126: =COUNTIF(B126:T126,"ST") -> 0 | W126: =COUNTIF(B126:T126,"I") -> 0 | X126: =COUNTIF(B126:T126,"S") -> 0 | Y126: =COUNTIF(B126:T126,"A") -> 0 | Z126: =B126 -> AKBAR RAMADAN
A127: 19 | B127: ='absensi setoran'!B127 -> #REF! | C127: ='absensi setoran'!C127 -> #REF! | F127: =B127 -> #REF! | I127: =B127 -> #REF! | L127: =B127 -> #REF! | O127: =B127 -> #REF! | P127: H | R127: =B127 -> #REF! | U127: =COUNTIF(B127:T127,"H") -> 1 | V127: =COUNTIF(B127:T127,"ST") -> 0 | W127: =COUNTIF(B127:T127,"I") -> 0 | X127: =COUNTIF(B127:T127,"S") -> 0 | Y127: =COUNTIF(B127:T127,"A") -> 0 | Z127: =B127 -> #REF!
A128: 20 | B128: ='absensi setoran'!B128 -> ABIDZAR ALGHIFARI | C128: ='absensi setoran'!C128 -> 8 | F128: =B128 -> ABIDZAR ALGHIFARI | I128: =B128 -> ABIDZAR ALGHIFARI | L128: =B128 -> ABIDZAR ALGHIFARI | O128: =B128 -> ABIDZAR ALGHIFARI | P128: H | R128: =B128 -> ABIDZAR ALGHIFARI | U128: =COUNTIF(B128:T128,"H") -> 1 | V128: =COUNTIF(B128:T128,"ST") -> 0 | W128: =COUNTIF(B128:T128,"I") -> 0 | X128: =COUNTIF(B128:T128,"S") -> 0 | Y128: =COUNTIF(B128:T128,"A") -> 0 | Z128: =B128 -> ABIDZAR ALGHIFARI
A129: 21 | B129: ='absensi setoran'!B129 -> KAFY MUHAMMAD AZIZY | C129: ='absensi setoran'!C129 -> 7 | F129: =B129 -> KAFY MUHAMMAD AZIZY | I129: =B129 -> KAFY MUHAMMAD AZIZY | L129: =B129 -> KAFY MUHAMMAD AZIZY | O129: =B129 -> KAFY MUHAMMAD AZIZY | P129: H | R129: =B129 -> KAFY MUHAMMAD AZIZY | U129: =COUNTIF(B129:T129,"H") -> 1 | V129: =COUNTIF(B129:T129,"ST") -> 0 | W129: =COUNTIF(B129:T129,"I") -> 0 | X129: =COUNTIF(B129:T129,"S") -> 0 | Y129: =COUNTIF(B129:T129,"A") -> 0 | Z129: =B129 -> KAFY MUHAMMAD AZIZY
A130: 22 | B130: ='absensi setoran'!B130 -> #REF! | C130: ='absensi setoran'!C130 -> #REF! | F130: =B130 -> #REF! | I130: =B130 -> #REF! | L130: =B130 -> #REF! | O130: =B130 -> #REF! | P130: H | R130: =B130 -> #REF! | U130: =COUNTIF(B130:T130,"H") -> 1 | V130: =COUNTIF(B130:T130,"ST") -> 0 | W130: =COUNTIF(B130:T130,"I") -> 0 | X130: =COUNTIF(B130:T130,"S") -> 0 | Y130: =COUNTIF(B130:T130,"A") -> 0 | Z130: =B130 -> #REF!
A131: 23 | B131: ='absensi setoran'!B131 -> MUHAMMAD MUNAWWAR KHOLIL | C131: ='absensi setoran'!C131 -> 4 | F131: =B131 -> MUHAMMAD MUNAWWAR KHOLIL | I131: =B131 -> MUHAMMAD MUNAWWAR KHOLIL | L131: =B131 -> MUHAMMAD MUNAWWAR KHOLIL | O131: =B131 -> MUHAMMAD MUNAWWAR KHOLIL | P131: H | R131: =B131 -> MUHAMMAD MUNAWWAR KHOLIL | U131: =COUNTIF(B131:T131,"H") -> 1 | V131: =COUNTIF(B131:T131,"ST") -> 0 | W131: =COUNTIF(B131:T131,"I") -> 0 | X131: =COUNTIF(B131:T131,"S") -> 0 | Y131: =COUNTIF(B131:T131,"A") -> 0 | Z131: =B131 -> MUHAMMAD MUNAWWAR KHOLIL
A132: 24 | B132: ='absensi setoran'!B132 -> ALWI | C132: ='absensi setoran'!C132 -> 3 | F132: =B132 -> ALWI | I132: =B132 -> ALWI | L132: =B132 -> ALWI | O132: =B132 -> ALWI | P132: H | R132: =B132 -> ALWI | U132: =COUNTIF(B132:T132,"H") -> 1 | V132: =COUNTIF(B132:T132,"ST") -> 0 | W132: =COUNTIF(B132:T132,"I") -> 0 | X132: =COUNTIF(B132:T132,"S") -> 0 | Y132: =COUNTIF(B132:T132,"A") -> 0 | Z132: =B132 -> ALWI
A133: 25 | B133: ='absensi setoran'!B133 -> PIRMAN | C133: ='absensi setoran'!C133 -> 1 | F133: =B133 -> PIRMAN | I133: =B133 -> PIRMAN | L133: =B133 -> PIRMAN | O133: =B133 -> PIRMAN | P133: H | R133: =B133 -> PIRMAN | U133: =COUNTIF(B133:T133,"H") -> 1 | V133: =COUNTIF(B133:T133,"ST") -> 0 | W133: =COUNTIF(B133:T133,"I") -> 0 | X133: =COUNTIF(B133:T133,"S") -> 0 | Y133: =COUNTIF(B133:T133,"A") -> 0 | Z133: =B133 -> PIRMAN
A134: 26 | B134: ='absensi setoran'!B134 -> MUHAMMAD DENMAR NABAWI | C134: ='absensi setoran'!C134 -> 1 | F134: =B134 -> MUHAMMAD DENMAR NABAWI | I134: =B134 -> MUHAMMAD DENMAR NABAWI | L134: =B134 -> MUHAMMAD DENMAR NABAWI | O134: =B134 -> MUHAMMAD DENMAR NABAWI | P134: H | R134: =B134 -> MUHAMMAD DENMAR NABAWI | U134: =COUNTIF(B134:T134,"H") -> 1 | V134: =COUNTIF(B134:T134,"ST") -> 0 | W134: =COUNTIF(B134:T134,"I") -> 0 | X134: =COUNTIF(B134:T134,"S") -> 0 | Y134: =COUNTIF(B134:T134,"A") -> 0 | Z134: =B134 -> MUHAMMAD DENMAR NABAWI
A135: 27 | B135: ='absensi setoran'!B135 -> #REF! | C135: ='absensi setoran'!C135 -> #REF! | F135: =B135 -> #REF! | I135: =B135 -> #REF! | L135: =B135 -> #REF! | O135: =B135 -> #REF! | P135: H | R135: =B135 -> #REF! | U135: =COUNTIF(B135:T135,"H") -> 1 | V135: =COUNTIF(B135:T135,"ST") -> 0 | W135: =COUNTIF(B135:T135,"I") -> 0 | X135: =COUNTIF(B135:T135,"S") -> 0 | Y135: =COUNTIF(B135:T135,"A") -> 0 | Z135: =B135 -> #REF!
A136: 28 | B136: ='absensi setoran'!B136 -> #REF! | C136: ='absensi setoran'!C136 -> #REF! | F136: =B136 -> #REF! | I136: =B136 -> #REF! | L136: =B136 -> #REF! | O136: =B136 -> #REF! | R136: =B136 -> #REF! | U136: =COUNTIF(B136:T136,"H") -> 0 | V136: =COUNTIF(B136:T136,"ST") -> 0 | W136: =COUNTIF(B136:T136,"I") -> 0 | X136: =COUNTIF(B136:T136,"S") -> 0 | Y136: =COUNTIF(B136:T136,"A") -> 0 | Z136: =B136 -> #REF!
A137: ABSENSI NGAFAL
...

Sheet Mingguan
A1: ABSENSI MINGGUAN
A5: NO | B5: NAMA | E5: MINGGU Ke 1 | I5: MINGGU Ke 2 | M5: MINGGU Ke 3 | Q5: MINGGU Ke 4 | U5: JUMLAH ABSENSI
C6: HAFALAN | D6: ISTIGHOSAH | E6: NGAOS AANG | F6: TILAWAH | G6: TAWASUL | I6: NGAOS AANG | J6: TILAWAH | K6: TAWASUL | L6: MHQ | M6: NGAOS AANG | N6: TILAWAH | O6: TAWASUL | P6: MUHADHOROH | Q6: NGAOS AANG | R6: TILAWAH | S6: TAWASUL | T6: MHQ | U6: HADIR | V6: SAKIT | W6: IZIN | X6: SEKOLAH | Y6: ALPHA
A7: 1 | B7: ='absensi setoran'!B7 -> AYI KOSIM HATIMI | C7: ='absensi setoran'!C7 -> 30 | U7: =COUNTIF(B7:T7,"H") -> 0 | V7: =COUNTIF(B7:T7,"ST") -> 0 | W7: =COUNTIF(B7:T7,"I") -> 0 | X7: =COUNTIF(B7:T7,"S") -> 0 | Y7: =COUNTIF(B7:T7,"A") -> 0 | Z7: =B7 -> AYI KOSIM HATIMI
A8: 2 | B8: ='absensi setoran'!B8 -> ABRURRAHMAN AFANDI | C8: ='absensi setoran'!C8 -> 30 | U8: =COUNTIF(B8:T8,"H") -> 0 | V8: =COUNTIF(B8:T8,"ST") -> 0 | W8: =COUNTIF(B8:T8,"I") -> 0 | X8: =COUNTIF(B8:T8,"S") -> 0 | Y8: =COUNTIF(B8:T8,"A") -> 0 | Z8: =B8 -> ABRURRAHMAN AFANDI
A9: 3 | B9: ='absensi setoran'!B9 -> CECEP ABDULATIF | C9: ='absensi setoran'!C9 -> 30 | U9: =COUNTIF(B9:T9,"H") -> 0 | V9: =COUNTIF(B9:T9,"ST") -> 0 | W9: =COUNTIF(B9:T9,"I") -> 0 | X9: =COUNTIF(B9:T9,"S") -> 0 | Y9: =COUNTIF(B9:T9,"A") -> 0 | Z9: =B9 -> CECEP ABDULATIF
A10: 4 | B10: ='absensi setoran'!B10 -> DONI SUPRIATNA | C10: ='absensi setoran'!C10 -> 30 | U10: =COUNTIF(B10:T10,"H") -> 0 | V10: =COUNTIF(B10:T10,"ST") -> 0 | W10: =COUNTIF(B10:T10,"I") -> 0 | X10: =COUNTIF(B10:T10,"S") -> 0 | Y10: =COUNTIF(B10:T10,"A") -> 0 | Z10: =B10 -> DONI SUPRIATNA
A11: 5 | B11: ='absensi setoran'!B11 -> #REF! | C11: ='absensi setoran'!C11 -> #REF! | U11: =COUNTIF(B11:T11,"H") -> 0 | V11: =COUNTIF(B11:T11,"ST") -> 0 | W11: =COUNTIF(B11:T11,"I") -> 0 | X11: =COUNTIF(B11:T11,"S") -> 0 | Y11: =COUNTIF(B11:T11,"A") -> 0 | Z11: =B11 -> #REF!
A12: 6 | B12: ='absensi setoran'!B12 -> ZAKY AZHARI | C12: ='absensi setoran'!C12 -> 30 | U12: =COUNTIF(B12:T12,"H") -> 0 | V12: =COUNTIF(B12:T12,"ST") -> 0 | W12: =COUNTIF(B12:T12,"I") -> 0 | X12: =COUNTIF(B12:T12,"S") -> 0 | Y12: =COUNTIF(B12:T12,"A") -> 0 | Z12: =B12 -> ZAKY AZHARI
A13: 7 | B13: ='absensi setoran'!B13 -> MUHAMMAD FAUZIL ADZIM | C13: ='absensi setoran'!C13 -> 30 | U13: =COUNTIF(B13:T13,"H") -> 0 | V13: =COUNTIF(B13:T13,"ST") -> 0 | W13: =COUNTIF(B13:T13,"I") -> 0 | X13: =COUNTIF(B13:T13,"S") -> 0 | Y13: =COUNTIF(B13:T13,"A") -> 0 | Z13: =B13 -> MUHAMMAD FAUZIL ADZIM
A14: 8 | B14: ='absensi setoran'!B14 -> MUHAMMAD DZIKRI HUSAENI | C14: ='absensi setoran'!C14 -> 18 | U14: =COUNTIF(B14:T14,"H") -> 0 | V14: =COUNTIF(B14:T14,"ST") -> 0 | W14: =COUNTIF(B14:T14,"I") -> 0 | X14: =COUNTIF(B14:T14,"S") -> 0 | Y14: =COUNTIF(B14:T14,"A") -> 0 | Z14: =B14 -> MUHAMMAD DZIKRI HUSAENI
A15: 9 | B15: ='absensi setoran'!B15 -> #REF! | C15: ='absensi setoran'!C15 -> #REF! | U15: =COUNTIF(B15:T15,"H") -> 0 | V15: =COUNTIF(B15:T15,"ST") -> 0 | W15: =COUNTIF(B15:T15,"I") -> 0 | X15: =COUNTIF(B15:T15,"S") -> 0 | Y15: =COUNTIF(B15:T15,"A") -> 0 | Z15: =B15 -> #REF!
A16: 10 | B16: ='absensi setoran'!B16 -> ABDUL KHOLIQ | C16: ='absensi setoran'!C16 -> 14 | U16: =COUNTIF(B16:T16,"H") -> 0 | V16: =COUNTIF(B16:T16,"ST") -> 0 | W16: =COUNTIF(B16:T16,"I") -> 0 | X16: =COUNTIF(B16:T16,"S") -> 0 | Y16: =COUNTIF(B16:T16,"A") -> 0 | Z16: =B16 -> ABDUL KHOLIQ
A17: 11 | B17: ='absensi setoran'!B17 -> IYAN FARID | C17: ='absensi setoran'!C17 -> 13 | U17: =COUNTIF(B17:T17,"H") -> 0 | V17: =COUNTIF(B17:T17,"ST") -> 0 | W17: =COUNTIF(B17:T17,"I") -> 0 | X17: =COUNTIF(B17:T17,"S") -> 0 | Y17: =COUNTIF(B17:T17,"A") -> 0 | Z17: =B17 -> IYAN FARID
A18: 12 | B18: ='absensi setoran'!B18 -> ZAENI NURIL HIKAM | C18: ='absensi setoran'!C18 -> 12 | U18: =COUNTIF(B18:T18,"H") -> 0 | V18: =COUNTIF(B18:T18,"ST") -> 0 | W18: =COUNTIF(B18:T18,"I") -> 0 | X18: =COUNTIF(B18:T18,"S") -> 0 | Y18: =COUNTIF(B18:T18,"A") -> 0 | Z18: =B18 -> ZAENI NURIL HIKAM
... A34: 28 | B34: ='absensi setoran'!B34 -> #REF! | C34: ='absensi setoran'!C34 -> #REF! | U34: =COUNTIF(B34:T34,"H") -> 0 | V34: =COUNTIF(B34:T34,"ST") -> 0 | W34: =COUNTIF(B34:T34,"I") -> 0 | X34: =COUNTIF(B34:T34,"S") -> 0 | Y34: =COUNTIF(B34:T34,"A") -> 0 | Z34: =B34 -> #REF!
